買賣單位,symbol,name,currency,exchange,industry,買賣單位
500,00001,長和,HKD,HKEX, ,500
500,00002,中電控股,HKD,HKEX, ,500
"1,000",00003,香港中華煤氣,HKD,HKEX, ,"1,000"
"1,000",00004,九龍倉集團,HKD,HKEX, ,"1,000"
400,00005,匯豐控股,HKD,HKEX, ,400
500,00006,電能實業,HKD,HKEX, ,500
"2,000",00007,凱富能源,HKD,HKEX, ,"2,000"
"1,000",00008,電訊盈科,HKD,HKEX, ,"1,000"
"6,000",00009,九號運通,HKD,HKEX, ,"6,000"
"1,000",00010,恒隆集團,HKD,HKEX, ,"1,000"
100,00011,恒生銀行,HKD,HKEX, ,100
"1,000",00012,恒基地產,HKD,HKEX, ,"1,000"
"1,000",00014,希慎興業,HKD,HKEX, ,"1,000"
"2,000",00015,盈信控股,HKD,HKEX, ,"2,000"
"1,000",00016,新鴻基地產,HKD,HKEX, ,"1,000"
"1,000",00017,新世界發展,HKD,HKEX, ,"1,000"
"2,000",00018,東方報業集團,HKD,HKEX, ,"2,000"
500,00019,太古股份公司Ａ,HKD,HKEX, ,500
"1,000",00020,會德豐,HKD,HKEX, ,"1,000"
"5,000",00021,大中華地產控股,HKD,HKEX, ,"5,000"
"40,000",00022,茂盛控股,HKD,HKEX, ,"40,000"
200,00023,東亞銀行,HKD,HKEX, ,200
"2,000",00024,寶威控股,HKD,HKEX, ,"2,000"
"2,000",00025,CHEVALIER INT'L,HKD,HKEX, ,"2,000"
200,00026,中華汽車,HKD,HKEX, ,200
"1,000",00027,銀河娛樂,HKD,HKEX, ,"1,000"
"1,000",00028,天安,HKD,HKEX, ,"1,000"
"2,000",00029,達力集團,HKD,HKEX, ,"2,000"
"2,000",00030,萬隆控股集團,HKD,HKEX, ,"2,000"
"2,000",00031,航天控股,HKD,HKEX, ,"2,000"
"1,000",00032,港通控股,HKD,HKEX, ,"1,000"
"2,000",00033,亞投金融集團,HKD,HKEX, ,"2,000"
"1,000",00034,九龍建業,HKD,HKEX, ,"1,000"
"1,000",00035,遠東發展,HKD,HKEX, ,"1,000"
"3,000",00036,遠東控股國際,HKD,HKEX, ,"3,000"
"2,000",00037,遠東酒店實業,HKD,HKEX, ,"2,000"
"2,000",00038,第一拖拉機股份,HKD,HKEX, ,"2,000"
"8,000",00039,中國北大荒,HKD,HKEX, ,"8,000"
"1,000",00040,金山工業,HKD,HKEX, ,"1,000"
"1,000",00041,鷹君,HKD,HKEX, ,"1,000"
"2,000",00042,東北電氣,HKD,HKEX, ,"2,000"
"2,000",00043,卜蜂國際,HKD,HKEX, ,"2,000"
400,00044,香港飛機工程,HKD,HKEX, ,400
500,00045,大酒店,HKD,HKEX, ,500
"2,000",00046,科聯系統,HKD,HKEX, ,"2,000"
"4,000",00047,合興集團,HKD,HKEX, ,"4,000"
"10,000",00048,中國汽車內飾,HKD,HKEX, ,"10,000"
"1,000",00050,香港小輪（集團）,HKD,HKEX, ,"1,000"
"1,000",00051,海港企業,HKD,HKEX, ,"1,000"
500,00052,FAIRWOOD HOLD,HKD,HKEX, ,500
"1,000",00053,國浩集團,HKD,HKEX, ,"1,000"
500,00054,合和實業,HKD,HKEX, ,500
"10,000",00055,中星集團控股,HKD,HKEX, ,"10,000"
"2,000",00056,聯合地產（香港）,HKD,HKEX, ,"2,000"
"2,000",00057,震雄集團,HKD,HKEX, ,"2,000"
"20,000",00058,新威國際,HKD,HKEX, ,"20,000"
"2,000",00059,天譽置業,HKD,HKEX, ,"2,000"
"2,000",00060,香港食品投資,HKD,HKEX, ,"2,000"
"5,000",00061,北亞資源,HKD,HKEX, ,"5,000"
400,00062,載通,HKD,HKEX, ,400
"1,000",00063,中國烯谷集團,HKD,HKEX, ,"1,000"
"2,000",00064,結好控股,HKD,HKEX, ,"2,000"
"4,000",00065,弘海高新資源,HKD,HKEX, ,"4,000"
500,00066,港鐵公司,HKD,HKEX, ,500
"2,000",00067,旭光高新材料,HKD,HKEX, ,"2,000"
"1,000",00068,利興發展,HKD,HKEX, ,"1,000"
"2,000",00069,香格里拉（亞洲）,HKD,HKEX, ,"2,000"
"10,000",00070,海王集團,HKD,HKEX, ,"10,000"
"1,000",00071,美麗華酒店,HKD,HKEX, ,"1,000"
"2,000",00072,現代傳播,HKD,HKEX, ,"2,000"
"1,000",00073,亞洲果業,HKD,HKEX, ,"1,000"
"2,000",00075,渝太地產,HKD,HKEX, ,"2,000"
"4,000",00076,南海石油,HKD,HKEX, ,"4,000"
"2,000",00077,進智公共交通,HKD,HKEX, ,"2,000"
"2,000",00078,REGAL INT'L,HKD,HKEX, ,"2,000"
"4,000",00079,世紀建業,HKD,HKEX, ,"4,000"
"1,000",00081,中國海外宏洋集團,HKD,HKEX, ,"1,000"
"2,000",00082,第一視頻,HKD,HKEX, ,"2,000"
"2,000",00083,信和置業,HKD,HKEX, ,"2,000"
"1,000",00084,寶光實業,HKD,HKEX, ,"1,000"
"2,000",00085,中國電子,HKD,HKEX, ,"2,000"
"1,000",00086,新鴻基公司,HKD,HKEX, ,"1,000"
"2,500",00087,太古股份公司Ｂ,HKD,HKEX, ,"2,500"
"1,000",00088,TAI CHEUNG HOLD,HKD,HKEX, ,"1,000"
"1,000",00089,大生地產,HKD,HKEX, ,"1,000"
"2,000",00090,琥珀能源,HKD,HKEX, ,"2,000"
"25,000",00091,標準資源控股,HKD,HKEX, ,"25,000"
"2,000",00092,CHAMPION TECH,HKD,HKEX, ,"2,000"
"2,000",00093,TERMBRAY IND,HKD,HKEX, ,"2,000"
"2,000",00094,綠心集團,HKD,HKEX, ,"2,000"
"4,000",00095,綠景中國地產,HKD,HKEX, ,"4,000"
"2,000",00096,ＹＵＳＥＩ,HKD,HKEX, ,"2,000"
"1,000",00097,恒基發展,HKD,HKEX, ,"1,000"
"1,000",00098,興發鋁業,HKD,HKEX, ,"1,000"
"1,000",00099,王氏國際,HKD,HKEX, ,"1,000"
"1,000",00100,白馬戶外媒體,HKD,HKEX, ,"1,000"
"1,000",00101,恒隆地產,HKD,HKEX, ,"1,000"
"2,000",00102,凱升控股,HKD,HKEX, ,"2,000"
"2,000",00103,首長寶佳,HKD,HKEX, ,"2,000"
"5,000",00104,ASIA COMM HOLD,HKD,HKEX, ,"5,000"
"2,000",00105,凱聯國際酒店,HKD,HKEX, ,"2,000"
"4,000",00106,朗詩綠色地產,HKD,HKEX, ,"4,000"
"2,000",00107,四川成渝高速公路,HKD,HKEX, ,"2,000"
"2,000",00108,國銳地產,HKD,HKEX, ,"2,000"
"10,000",00109,天成國際,HKD,HKEX, ,"10,000"
"2,000",00110,中國長遠,HKD,HKEX, ,"2,000"
"2,000",00111,信達國際控股,HKD,HKEX, ,"2,000"
"2,000",00112,勒泰商業地產,HKD,HKEX, ,"2,000"
500,00113,迪生創建,HKD,HKEX, ,500
"5,000",00114,HERALD HOLD,HKD,HKEX, ,"5,000"
"10,000",00115,鈞濠集團,HKD,HKEX, ,"10,000"
"1,000",00116,周生生,HKD,HKEX, ,"1,000"
"2,000",00117,天利控股集團,HKD,HKEX, ,"2,000"
"2,000",00118,大同機械,HKD,HKEX, ,"2,000"
"1,000",00119,保利置業集團,HKD,HKEX, ,"1,000"
"20,000",00120,COSMOPOL INT'L,HKD,HKEX, ,"20,000"
"10,000",00121,卜蜂蓮花,HKD,HKEX, ,"10,000"
"1,000",00122,鱷魚恤,HKD,HKEX, ,"1,000"
"2,000",00123,越秀地產,HKD,HKEX, ,"2,000"
"2,000",00124,粵海置地,HKD,HKEX, ,"2,000"
"2,000",00125,新興光學,HKD,HKEX, ,"2,000"
"2,000",00126,佳寧娜,HKD,HKEX, ,"2,000"
500,00127,華人置業,HKD,HKEX, ,500
"4,000",00128,安寧控股,HKD,HKEX, ,"4,000"
"2,000",00129,泛海集團,HKD,HKEX, ,"2,000"
"2,000",00130,慕詩國際,HKD,HKEX, ,"2,000"
"1,000",00131,卓能（集團）,HKD,HKEX, ,"1,000"
"1,000",00132,中國興業控股,HKD,HKEX, ,"1,000"
"2,000",00135,昆侖能源,HKD,HKEX, ,"2,000"
"4,000",00136,恒騰網絡,HKD,HKEX, ,"4,000"
"1,000",00137,金輝集團,HKD,HKEX, ,"1,000"
"2,000",00138,中建富通,HKD,HKEX, ,"2,000"
"14,000",00139,中國軟實力,HKD,HKEX, ,"14,000"
"2,000",00141,大中華集團,HKD,HKEX, ,"2,000"
"2,000",00142,第一太平,HKD,HKEX, ,"2,000"
"2,000",00143,GLOBAL TECH,HKD,HKEX, ,"2,000"
"2,000",00144,招商局港口,HKD,HKEX, ,"2,000"
"8,000",00145,香港建屋貸款,HKD,HKEX, ,"8,000"
"1,000",00146,TAI PING CARPET,HKD,HKEX, ,"1,000"
"5,000",00147,國際商業結算,HKD,HKEX, ,"5,000"
500,00148,建滔化工,HKD,HKEX, ,500
"5,000",00149,中國農產品交易,HKD,HKEX, ,"5,000"
"1,000",00151,中國旺旺,HKD,HKEX, ,"1,000"
500,00152,深圳國際,HKD,HKEX, ,500
"2,000",00153,中國賽特,HKD,HKEX, ,"2,000"
"1,000",00154,北京控股環境集團,HKD,HKEX, ,"1,000"
"10,000",00155,中國源暢,HKD,HKEX, ,"10,000"
"10,000",00156,力寶華潤,HKD,HKEX, ,"10,000"
"10,000",00157,自然美,HKD,HKEX, ,"10,000"
500,00158,萬邦投資,HKD,HKEX, ,500
"4,000",00159,布萊克萬礦業,HKD,HKEX, ,"4,000"
"2,000",00160,漢國置業,HKD,HKEX, ,"2,000"
"2,000",00161,中航國際控股,HKD,HKEX, ,"2,000"
"2,000",00162,世紀金花,HKD,HKEX, ,"2,000"
"2,000",00163,英皇國際,HKD,HKEX, ,"2,000"
"25,000",00164,中國寶力科技,HKD,HKEX, ,"25,000"
"2,000",00165,中國光大控股,HKD,HKEX, ,"2,000"
"2,000",00166,新時代能源,HKD,HKEX, ,"2,000"
"2,000",00167,IDT INT'L,HKD,HKEX, ,"2,000"
"2,000",00168,青島啤酒股份,HKD,HKEX, ,"2,000"
"1,000",00169,萬達酒店發展,HKD,HKEX, ,"1,000"
"2,000",00171,銀建國際,HKD,HKEX, ,"2,000"
"10,000",00172,金榜集團,HKD,HKEX, ,"10,000"
"1,000",00173,嘉華國際,HKD,HKEX, ,"1,000"
"2,000",00174,盛洋投資,HKD,HKEX, ,"2,000"
"5,000",00175,吉利汽車,HKD,HKEX, ,"5,000"
"2,000",00176,聯太工業,HKD,HKEX, ,"2,000"
"2,000",00177,江蘇寧滬高速公路,HKD,HKEX, ,"2,000"
"2,000",00178,莎莎國際,HKD,HKEX, ,"2,000"
500,00179,德昌電機控股,HKD,HKEX, ,500
"2,000",00180,開達集團,HKD,HKEX, ,"2,000"
"20,000",00181,閩港控股,HKD,HKEX, ,"20,000"
"10,000",00182,協合新能源,HKD,HKEX, ,"10,000"
"8,000",00183,宏輝集團,HKD,HKEX, ,"8,000"
"2,000",00184,激成投資,HKD,HKEX, ,"2,000"
"10,000",00185,正恒國際控股,HKD,HKEX, ,"10,000"
"30,000",00186,GRANDE HOLDINGS,HKD,HKEX, ,"30,000"
"2,000",00187,京城機電股份,HKD,HKEX, ,"2,000"
"10,000",00188,新華匯富金融,HKD,HKEX, ,"10,000"
"1,000",00189,東岳集團,HKD,HKEX, ,"1,000"
"1,000",00190,香港建設（控股）,HKD,HKEX, ,"1,000"
"5,000",00191,麗新國際,HKD,HKEX, ,"5,000"
"15,000",00193,冠中地產,HKD,HKEX, ,"15,000"
"2,000",00194,廖創興企業,HKD,HKEX, ,"2,000"
"10,000",00195,利海資源,HKD,HKEX, ,"10,000"
"1,000",00196,宏華集團,HKD,HKEX, ,"1,000"
"5,000",00197,亨泰,HKD,HKEX, ,"5,000"
"4,000",00198,星美控股,HKD,HKEX, ,"4,000"
"1,000",00199,德祥地產,HKD,HKEX, ,"1,000"
"1,000",00200,新濠國際發展,HKD,HKEX, ,"1,000"
"2,000",00201,華大酒店,HKD,HKEX, ,"2,000"
"5,000",00202,潤中國際控股,HKD,HKEX, ,"5,000"
"20,000",00205,財訊傳媒,HKD,HKEX, ,"20,000"
"1,000",00206,ＴＳＣ集團,HKD,HKEX, ,"1,000"
"2,000",00207,大悅城地產,HKD,HKEX, ,"2,000"
"5,000",00208,保利達資產,HKD,HKEX, ,"5,000"
"4,000",00209,瀛晟科學,HKD,HKEX, ,"4,000"
"2,000",00210,達芙妮國際,HKD,HKEX, ,"2,000"
"10,000",00211,STYLAND HOLD,HKD,HKEX, ,"10,000"
500,00212,NANYANG HOLD,HKD,HKEX, ,500
"2,000",00213,NATIONAL ELEC H,HKD,HKEX, ,"2,000"
"2,000",00214,匯漢控股,HKD,HKEX, ,"2,000"
"2,000",00215,和記電訊香港,HKD,HKEX, ,"2,000"
"4,000",00216,建業實業,HKD,HKEX, ,"4,000"
"2,000",00217,中國誠通發展集團,HKD,HKEX, ,"2,000"
"5,000",00218,申萬宏源,HKD,HKEX, ,"5,000"
"2,000",00219,順豪物業,HKD,HKEX, ,"2,000"
"1,000",00220,統一企業中國,HKD,HKEX, ,"1,000"
"10,000",00221,易易壹金融,HKD,HKEX, ,"10,000"
"2,000",00222,閩信集團,HKD,HKEX, ,"2,000"
"2,000",00223,易生活控股,HKD,HKEX, ,"2,000"
"4,000",00224,建生國際,HKD,HKEX, ,"4,000"
"2,000",00225,博富臨置業,HKD,HKEX, ,"2,000"
"1,000",00226,力寶,HKD,HKEX, ,"1,000"
"8,000",00227,第一上海,HKD,HKEX, ,"8,000"
"2,000",00228,中能控股,HKD,HKEX, ,"2,000"
"1,000",00229,利民實業,HKD,HKEX, ,"1,000"
"2,000",00230,五礦地產,HKD,HKEX, ,"2,000"
"20,000",00231,平安證券集團控股,HKD,HKEX, ,"20,000"
"2,000",00232,中國航空工業國際,HKD,HKEX, ,"2,000"
"10,000",00233,銘源醫療,HKD,HKEX, ,"10,000"
"8,000",00234,新世紀集團,HKD,HKEX, ,"8,000"
"5,000",00235,中策集團,HKD,HKEX, ,"5,000"
"2,000",00236,香港生力啤,HKD,HKEX, ,"2,000"
"2,000",00237,安全貨倉,HKD,HKEX, ,"2,000"
"1,000",00238,長興國際,HKD,HKEX, ,"1,000"
"2,500",00239,白花油,HKD,HKEX, ,"2,500"
"10,000",00240,利基控股,HKD,HKEX, ,"10,000"
"2,000",00241,阿里健康,HKD,HKEX, ,"2,000"
"2,000",00242,信德集團,HKD,HKEX, ,"2,000"
"9,000",00243,QPL INT'L,HKD,HKEX, ,"9,000"
"1,000",00244,先施,HKD,HKEX, ,"1,000"
"10,000",00245,中國民生金融,HKD,HKEX, ,"10,000"
500,00246,瑞金礦業,HKD,HKEX, ,500
"2,000",00247,TST PROPERTIES,HKD,HKEX, ,"2,000"
"4,000",00248,香港通訊國際控股,HKD,HKEX, ,"4,000"
"10,000",00250,中國數碼信息,HKD,HKEX, ,"10,000"
"2,000",00251,爪哇控股,HKD,HKEX, ,"2,000"
"2,000",00252,華信地產財務,HKD,HKEX, ,"2,000"
"2,000",00253,順豪控股,HKD,HKEX, ,"2,000"
"10,000",00254,國家聯合資源,HKD,HKEX, ,"10,000"
"2,000",00255,龍記集團,HKD,HKEX, ,"2,000"
"2,000",00256,冠城鐘錶珠寶,HKD,HKEX, ,"2,000"
"1,000",00257,中國光大國際,HKD,HKEX, ,"1,000"
"2,000",00258,湯臣集團,HKD,HKEX, ,"2,000"
"2,000",00259,億都（國際控股）,HKD,HKEX, ,"2,000"
"10,000",00260,幸福控股,HKD,HKEX, ,"10,000"
"80,000",00261,中建置地,HKD,HKEX, ,"80,000"
"5,000",00262,迪臣發展國際,HKD,HKEX, ,"5,000"
"4,000",00263,高富集團控股,HKD,HKEX, ,"4,000"
"4,000",00264,中璽國際,HKD,HKEX, ,"4,000"
"10,000",00265,東勝中國,HKD,HKEX, ,"10,000"
"2,000",00266,天德地產,HKD,HKEX, ,"2,000"
"1,000",00267,中信股份,HKD,HKEX, ,"1,000"
"2,000",00268,金蝶國際,HKD,HKEX, ,"2,000"
"5,000",00269,中國資源交通,HKD,HKEX, ,"5,000"
"2,000",00270,粵海投資,HKD,HKEX, ,"2,000"
"1,000",00271,丹楓控股,HKD,HKEX, ,"1,000"
500,00272,瑞安房地產,HKD,HKEX, ,500
"20,000",00273,民信金控,HKD,HKEX, ,"20,000"
"40,000",00274,中富資源,HKD,HKEX, ,"40,000"
"10,000",00275,凱華集團,HKD,HKEX, ,"10,000"
"3,000",00276,蒙古能源,HKD,HKEX, ,"3,000"
"2,000",00277,太興置業,HKD,HKEX, ,"2,000"
"2,000",00278,華廈置業,HKD,HKEX, ,"2,000"
"20,000",00279,民眾金融科技,HKD,HKEX, ,"20,000"
"2,000",00280,景福集團,HKD,HKEX, ,"2,000"
"2,000",00281,川河集團,HKD,HKEX, ,"2,000"
"2,000",00282,壹傳媒,HKD,HKEX, ,"2,000"
"2,000",00283,高銀地產,HKD,HKEX, ,"2,000"
500,00285,比亞迪電子,HKD,HKEX, ,500
"2,000",00286,同佳健康,HKD,HKEX, ,"2,000"
"2,000",00287,永發置業,HKD,HKEX, ,"2,000"
500,00288,萬洲國際,HKD,HKEX, ,500
"1,000",00289,WING ON CO,HKD,HKEX, ,"1,000"
"2,000",00290,中國富強金融,HKD,HKEX, ,"2,000"
"2,000",00291,華潤啤酒,HKD,HKEX, ,"2,000"
"10,000",00292,泛海酒店,HKD,HKEX, ,"10,000"
"1,000",00293,國泰航空,HKD,HKEX, ,"1,000"
"1,000",00294,長江製衣,HKD,HKEX, ,"1,000"
"25,000",00295,江山控股,HKD,HKEX, ,"25,000"
"5,000",00296,英皇娛樂酒店,HKD,HKEX, ,"5,000"
"2,000",00297,中化化肥,HKD,HKEX, ,"2,000"
"10,000",00298,莊士中國,HKD,HKEX, ,"10,000"
"10,000",00299,新體育,HKD,HKEX, ,"10,000"
"2,000",00300,昆明機床,HKD,HKEX, ,"2,000"
100,00303,VTECH HOLDINGS,HKD,HKEX, ,100
"10,000",00305,五菱汽車,HKD,HKEX, ,"10,000"
"2,000",00306,冠忠巴士集團,HKD,HKEX, ,"2,000"
"2,000",00307,優派能源發展,HKD,HKEX, ,"2,000"
"2,000",00308,香港中旅,HKD,HKEX, ,"2,000"
"1,000",00309,新華通訊頻媒,HKD,HKEX, ,"1,000"
"1,000",00311,聯泰控股,HKD,HKEX, ,"1,000"
"2,000",00312,歲寶百貨,HKD,HKEX, ,"2,000"
"50,000",00313,裕田中國,HKD,HKEX, ,"50,000"
500,00315,數碼通電訊,HKD,HKEX, ,500
500,00316,東方海外國際,HKD,HKEX, ,500
"2,000",00317,中船防務,HKD,HKEX, ,"2,000"
"5,000",00318,黃河實業,HKD,HKEX, ,"5,000"
"2,000",00319,勤美達國際,HKD,HKEX, ,"2,000"
"2,000",00320,金寶通,HKD,HKEX, ,"2,000"
"2,000",00321,德永佳集團,HKD,HKEX, ,"2,000"
"2,000",00322,康師傅控股,HKD,HKEX, ,"2,000"
"2,000",00323,馬鞍山鋼鐵股份,HKD,HKEX, ,"2,000"
"10,000",00326,中國星集團,HKD,HKEX, ,"10,000"
"1,000",00327,百富環球,HKD,HKEX, ,"1,000"
"2,000",00328,ALCO HOLDINGS,HKD,HKEX, ,"2,000"
"4,000",00329,叁龍國際,HKD,HKEX, ,"4,000"
100,00330,思捷環球,HKD,HKEX, ,100
"1,000",00331,豐盛機電,HKD,HKEX, ,"1,000"
"4,000",00332,元亨燃氣,HKD,HKEX, ,"4,000"
"2,000",00333,黛麗斯國際,HKD,HKEX, ,"2,000"
"8,000",00334,ＴＣＬ顯示科技,HKD,HKEX, ,"8,000"
"2,000",00335,美建集團,HKD,HKEX, ,"2,000"
"1,000",00336,華寶國際,HKD,HKEX, ,"1,000"
"1,000",00337,綠地香港,HKD,HKEX, ,"1,000"
"2,000",00338,上海石油化工股份,HKD,HKEX, ,"2,000"
"2,000",00340,中國礦業,HKD,HKEX, ,"2,000"
"2,000",00341,大家樂集團,HKD,HKEX, ,"2,000"
"2,000",00342,新海能源,HKD,HKEX, ,"2,000"
"5,000",00343,文化傳信,HKD,HKEX, ,"5,000"
"2,000",00345,VITASOY INT'L,HKD,HKEX, ,"2,000"
"10,000",00346,延長石油國際,HKD,HKEX, ,"10,000"
"2,000",00347,鞍鋼股份,HKD,HKEX, ,"2,000"
"2,000",00348,中國智能健康,HKD,HKEX, ,"2,000"
"10,000",00351,亞洲能源物流,HKD,HKEX, ,"10,000"
"2,000",00352,富陽,HKD,HKEX, ,"2,000"
"20,000",00353,能源國際投資,HKD,HKEX, ,"20,000"
"2,000",00354,中國軟件國際,HKD,HKEX, ,"2,000"
"4,000",00355,世紀城市國際,HKD,HKEX, ,"4,000"
"1,000",00357,航基股份,HKD,HKEX, ,"1,000"
"1,000",00358,江西銅業股份,HKD,HKEX, ,"1,000"
"4,000",00359,海升果汁,HKD,HKEX, ,"4,000"
"4,000",00360,新焦點,HKD,HKEX, ,"4,000"
"20,000",00361,順龍控股,HKD,HKEX, ,"20,000"
"10,000",00362,中國天化工,HKD,HKEX, ,"10,000"
"1,000",00363,上海實業控股,HKD,HKEX, ,"1,000"
"4,000",00364,坪山茶業,HKD,HKEX, ,"4,000"
"2,000",00365,紫光控股,HKD,HKEX, ,"2,000"
"2,000",00366,陸氏集團（越南）,HKD,HKEX, ,"2,000"
"4,000",00367,莊士機構國際,HKD,HKEX, ,"4,000"
500,00368,中外運航運,HKD,HKEX, ,500
"2,000",00369,永泰地產,HKD,HKEX, ,"2,000"
"20,000",00370,國華,HKD,HKEX, ,"20,000"
"2,000",00371,北控水務集團,HKD,HKEX, ,"2,000"
"2,000",00372,德祥企業,HKD,HKEX, ,"2,000"
"2,000",00373,聯合集團,HKD,HKEX, ,"2,000"
"2,000",00374,四洲集團,HKD,HKEX, ,"2,000"
"1,000",00375,YGM TRADING,HKD,HKEX, ,"1,000"
"2,000",00376,雲鋒金融,HKD,HKEX, ,"2,000"
"4,000",00377,華君控股,HKD,HKEX, ,"4,000"
"2,000",00378,五龍動力,HKD,HKEX, ,"2,000"
"10,000",00379,恒嘉融資租賃,HKD,HKEX, ,"10,000"
"4,000",00380,冠力國際,HKD,HKEX, ,"4,000"
"10,000",00381,僑雄國際,HKD,HKEX, ,"10,000"
"2,000",00382,威靈控股,HKD,HKEX, ,"2,000"
"10,000",00383,中國醫療網絡,HKD,HKEX, ,"10,000"
"2,000",00384,中國燃氣,HKD,HKEX, ,"2,000"
"2,000",00385,建聯集團,HKD,HKEX, ,"2,000"
"2,000",00386,中國石油化工股份,HKD,HKEX, ,"2,000"
"4,000",00387,力豐（集團）,HKD,HKEX, ,"4,000"
100,00388,香港交易所,HKD,HKEX, ,100
"2,000",00389,通天酒業,HKD,HKEX, ,"2,000"
"1,000",00390,中國中鐵,HKD,HKEX, ,"1,000"
"20,000",00391,美亞娛樂資訊,HKD,HKEX, ,"20,000"
500,00392,北京控股,HKD,HKEX, ,500
"4,000",00393,旭日企業,HKD,HKEX, ,"4,000"
"8,000",00395,中國智能集團,HKD,HKEX, ,"8,000"
"2,000",00396,興利（香港）控股,HKD,HKEX, ,"2,000"
"10,000",00397,君陽金融,HKD,HKEX, ,"10,000"
"2,000",00398,東方表行集團,HKD,HKEX, ,"2,000"
"5,000",00399,領航醫藥生物科技,HKD,HKEX, ,"5,000"
"1,000",00400,科通芯城,HKD,HKEX, ,"1,000"
"5,000",00401,萬嘉集團,HKD,HKEX, ,"5,000"
"20,000",00402,天下圖控股,HKD,HKEX, ,"20,000"
"2,000",00403,星光集團,HKD,HKEX, ,"2,000"
"2,000",00404,新昌集團控股,HKD,HKEX, ,"2,000"
"2,000",00406,有利集團,HKD,HKEX, ,"2,000"
"2,000",00408,葉氏化工集團,HKD,HKEX, ,"2,000"
500,00410,ＳＯＨＯ中國,HKD,HKEX, ,500
"1,000",00411,南順（香港）,HKD,HKEX, ,"1,000"
"6,000",00412,中國新金融,HKD,HKEX, ,"6,000"
"8,000",00413,南華集團控股,HKD,HKEX, ,"8,000"
"1,000",00416,錦州銀行,HKD,HKEX, ,"1,000"
"2,000",00417,謝瑞麟,HKD,HKEX, ,"2,000"
"2,000",00418,方正控股,HKD,HKEX, ,"2,000"
"10,000",00419,華誼騰訊娛樂,HKD,HKEX, ,"10,000"
"2,000",00420,福田實業,HKD,HKEX, ,"2,000"
"1,000",00422,越南製造加工出口,HKD,HKEX, ,"1,000"
"2,000",00423,經濟日報集團,HKD,HKEX, ,"2,000"
"2,000",00425,敏實集團,HKD,HKEX, ,"2,000"
"2,000",00426,萬華媒體,HKD,HKEX, ,"2,000"
"2,000",00430,東方網庫,HKD,HKEX, ,"2,000"
"4,000",00431,大中華金融,HKD,HKEX, ,"4,000"
"1,000",00432,盈大地產,HKD,HKEX, ,"1,000"
"10,000",00433,北方礦業,HKD,HKEX, ,"10,000"
"1,000",00434,博雅互動,HKD,HKEX, ,"1,000"
"20,000",00436,新宇環保,HKD,HKEX, ,"20,000"
"2,000",00438,彩虹新能源,HKD,HKEX, ,"2,000"
"1,000",00439,光啟科學,HKD,HKEX, ,"1,000"
400,00440,大新金融,HKD,HKEX, ,400
"1,000",00442,KTL INT'L,HKD,HKEX, ,"1,000"
"10,000",00444,SINCEREWATCH HK,HKD,HKEX, ,"10,000"
"5,000",00445,中國消防,HKD,HKEX, ,"5,000"
"2,000",00449,志高控股,HKD,HKEX, ,"2,000"
"2,000",00450,鴻興印刷集團,HKD,HKEX, ,"2,000"
"2,000",00451,協鑫新能源,HKD,HKEX, ,"2,000"
"2,000",00455,天大藥業,HKD,HKEX, ,"2,000"
"20,000",00456,新城市建設發展,HKD,HKEX, ,"20,000"
"1,000",00458,聯亞集團,HKD,HKEX, ,"1,000"
"10,000",00459,美聯工商舖,HKD,HKEX, ,"10,000"
"1,000",00460,四環醫藥,HKD,HKEX, ,"1,000"
"4,000",00462,天然乳品,HKD,HKEX, ,"4,000"
"4,000",00464,建福集團,HKD,HKEX, ,"4,000"
"2,000",00465,富通科技,HKD,HKEX, ,"2,000"
"2,000",00467,聯合能源集團,HKD,HKEX, ,"2,000"
"1,000",00468,紛美包裝,HKD,HKEX, ,"1,000"
"4,000",00469,凱普松國際,HKD,HKEX, ,"4,000"
"4,000",00471,中播控股,HKD,HKEX, ,"4,000"
"10,000",00472,新絲路文旅,HKD,HKEX, ,"10,000"
"6,000",00474,昊天發展集團,HKD,HKEX, ,"6,000"
"2,000",00475,中發展控股,HKD,HKEX, ,"2,000"
"10,000",00476,中國動力控股,HKD,HKEX, ,"10,000"
"20,000",00479,華建控股,HKD,HKEX, ,"20,000"
800,00480,香港興業國際,HKD,HKEX, ,800
"2,000",00482,聖馬丁國際,HKD,HKEX, ,"2,000"
"2,000",00483,包浩斯國際,HKD,HKEX, ,"2,000"
100,00484,雲遊控股,HKD,HKEX, ,100
"20,000",00485,中國華星,HKD,HKEX, ,"20,000"
"1,000",00486,RUSAL,HKD,HKEX, ,"1,000"
"4,000",00487,實德環球,HKD,HKEX, ,"4,000"
"15,000",00488,麗新發展,HKD,HKEX, ,"15,000"
"2,000",00489,東風集團股份,HKD,HKEX, ,"2,000"
"20,000",00491,漢傳媒,HKD,HKEX, ,"20,000"
"1,000",00493,國美電器,HKD,HKEX, ,"1,000"
"2,000",00494,利豐,HKD,HKEX, ,"2,000"
"5,000",00495,PALADIN,HKD,HKEX, ,"5,000"
"1,000",00496,卡森國際,HKD,HKEX, ,"1,000"
"10,000",00497,資本策略地產,HKD,HKEX, ,"10,000"
"2,000",00498,保華集團,HKD,HKEX, ,"2,000"
"2,000",00499,青島控股,HKD,HKEX, ,"2,000"
"1,000",00500,先豐服務集團,HKD,HKEX, ,"1,000"
"1,000",00503,朗生醫藥,HKD,HKEX, ,"1,000"
"1,000",00505,歡悅互娛,HKD,HKEX, ,"1,000"
"2,000",00506,中國食品,HKD,HKEX, ,"2,000"
"5,000",00508,鼎億集團投資,HKD,HKEX, ,"5,000"
"5,000",00509,世紀陽光,HKD,HKEX, ,"5,000"
"6,000",00510,時富金融服務集團,HKD,HKEX, ,"6,000"
100,00511,電視廣播,HKD,HKEX, ,100
"4,000",00512,遠大醫藥,HKD,HKEX, ,"4,000"
"10,000",00513,恆和集團,HKD,HKEX, ,"10,000"
"2,000",00515,達進東方照明,HKD,HKEX, ,"2,000"
"2,000",00517,中遠海運國際,HKD,HKEX, ,"2,000"
"2,000",00518,同得仕（集團）,HKD,HKEX, ,"2,000"
"5,000",00519,實力建業,HKD,HKEX, ,"5,000"
500,00520,呷哺呷哺,HKD,HKEX, ,500
"10,000",00521,海航實業股份,HKD,HKEX, ,"10,000"
100,00522,ASM PACIFIC,HKD,HKEX, ,100
"10,000",00524,E-KONG GROUP,HKD,HKEX, ,"10,000"
"2,000",00525,廣深鐵路股份,HKD,HKEX, ,"2,000"
"2,000",00526,利時集團控股,HKD,HKEX, ,"2,000"
"4,000",00527,瑞風新能源,HKD,HKEX, ,"4,000"
"2,000",00528,金達控股,HKD,HKEX, ,"2,000"
"2,000",00529,SIS INT'L,HKD,HKEX, ,"2,000"
"2,000",00530,高銀金融,HKD,HKEX, ,"2,000"
"1,000",00531,順誠,HKD,HKEX, ,"1,000"
"2,000",00532,WKK INTL (HOLD),HKD,HKEX, ,"2,000"
"1,000",00533,金利來集團,HKD,HKEX, ,"1,000"
"2,000",00535,金地商置,HKD,HKEX, ,"2,000"
"2,000",00536,貿易通,HKD,HKEX, ,"2,000"
"1,000",00538,味千（中國）,HKD,HKEX, ,"1,000"
"2,000",00539,冠華國際控股,HKD,HKEX, ,"2,000"
"4,000",00540,迅捷環球控股,HKD,HKEX, ,"4,000"
"8,000",00542,新嶺域集團,HKD,HKEX, ,"8,000"
"1,000",00543,太平洋網絡,HKD,HKEX, ,"1,000"
"20,000",00544,大同集團,HKD,HKEX, ,"20,000"
"1,000",00546,阜豐集團,HKD,HKEX, ,"1,000"
"10,000",00547,數字王國,HKD,HKEX, ,"10,000"
"2,000",00548,深圳高速公路股份,HKD,HKEX, ,"2,000"
"2,000",00549,奇峰化纖,HKD,HKEX, ,"2,000"
"2,000",00550,先傳媒,HKD,HKEX, ,"2,000"
500,00551,裕元集團,HKD,HKEX, ,500
"2,000",00552,中國通信服務,HKD,HKEX, ,"2,000"
"2,000",00553,南京熊貓電子股份,HKD,HKEX, ,"2,000"
"2,000",00554,漢思能源,HKD,HKEX, ,"2,000"
"25,000",00555,御泰中彩控股,HKD,HKEX, ,"25,000"
"2,000",00556,泛亞環保,HKD,HKEX, ,"2,000"
"2,000",00557,CITY E-SOLUTION,HKD,HKEX, ,"2,000"
"2,500",00558,力勁科技,HKD,HKEX, ,"2,500"
"10,000",00559,德泰新能源集團,HKD,HKEX, ,"10,000"
"2,000",00560,珠江船務,HKD,HKEX, ,"2,000"
"2,000",00563,上實城市開發,HKD,HKEX, ,"2,000"
200,00564,鄭煤機,HKD,HKEX, ,200
"5,000",00565,錦藝集團控股,HKD,HKEX, ,"5,000"
"2,000",00566,漢能薄膜發電,HKD,HKEX, ,"2,000"
"2,000",00567,大昌微綫集團,HKD,HKEX, ,"2,000"
400,00568,山東墨龍,HKD,HKEX, ,400
"1,000",00569,中國自動化,HKD,HKEX, ,"1,000"
"2,000",00570,中國中藥,HKD,HKEX, ,"2,000"
"2,000",00571,豐德麗控股,HKD,HKEX, ,"2,000"
"4,000",00572,未來世界金融,HKD,HKEX, ,"4,000"
"1,000",00573,稻香控股,HKD,HKEX, ,"1,000"
"2,000",00574,百信藥業,HKD,HKEX, ,"2,000"
"10,000",00575,勵晶太平洋,HKD,HKEX, ,"10,000"
"2,000",00576,浙江滬杭甬,HKD,HKEX, ,"2,000"
500,00577,十三集團,HKD,HKEX, ,500
"10,000",00578,融信資源,HKD,HKEX, ,"10,000"
"2,000",00579,京能清潔能源,HKD,HKEX, ,"2,000"
"2,000",00580,賽晶電力電子,HKD,HKEX, ,"2,000"
"2,000",00581,中國東方集團,HKD,HKEX, ,"2,000"
"5,000",00582,藍鼎國際,HKD,HKEX, ,"5,000"
"2,000",00583,長城環亞控股,HKD,HKEX, ,"2,000"
"8,000",00585,意馬國際,HKD,HKEX, ,"8,000"
500,00586,海螺創業,HKD,HKEX, ,500
"4,000",00587,華瀚健康,HKD,HKEX, ,"4,000"
"2,000",00588,北京北辰實業股份,HKD,HKEX, ,"2,000"
500,00589,寶國國際,HKD,HKEX, ,500
"1,000",00590,六福集團,HKD,HKEX, ,"1,000"
"1,000",00591,中國高精密,HKD,HKEX, ,"1,000"
"2,000",00592,BOSSINI INT'L,HKD,HKEX, ,"2,000"
500,00593,天洋國際控股,HKD,HKEX, ,500
"2,000",00595,AV CONCEPT HOLD,HKD,HKEX, ,"2,000"
"2,000",00596,浪潮國際,HKD,HKEX, ,"2,000"
"1,000",00598,中國外運,HKD,HKEX, ,"1,000"
"4,000",00599,怡邦行控股,HKD,HKEX, ,"4,000"
"2,000",00600,中國基建投資,HKD,HKEX, ,"2,000"
"10,000",00601,權智（國際）,HKD,HKEX, ,"10,000"
"2,500",00602,佳華百貨控股,HKD,HKEX, ,"2,500"
"20,000",00603,中油燃氣,HKD,HKEX, ,"20,000"
"2,000",00604,深圳控股,HKD,HKEX, ,"2,000"
"2,000",00605,中國金融投資管理,HKD,HKEX, ,"2,000"
"1,000",00606,中國糧油控股,HKD,HKEX, ,"1,000"
"2,500",00607,豐盛控股,HKD,HKEX, ,"2,500"
"2,000",00608,達利國際,HKD,HKEX, ,"2,000"
"4,000",00609,天德化工,HKD,HKEX, ,"4,000"
"2,000",00610,WAI KEE HOLD,HKD,HKEX, ,"2,000"
"2,000",00611,中國核能科技,HKD,HKEX, ,"2,000"
"2,000",00613,YUGANG INT'L,HKD,HKEX, ,"2,000"
"5,000",00616,高山企業,HKD,HKEX, ,"5,000"
"2,000",00617,百利保控股,HKD,HKEX, ,"2,000"
"2,000",00618,北大資源,HKD,HKEX, ,"2,000"
"50,000",00619,南華金融,HKD,HKEX, ,"50,000"
"2,000",00620,大唐西市,HKD,HKEX, ,"2,000"
"10,000",00621,壇金礦業,HKD,HKEX, ,"10,000"
"3,000",00622,威華達控股,HKD,HKEX, ,"3,000"
"1,000",00623,中視金橋,HKD,HKEX, ,"1,000"
"2,000",00626,大眾金融控股,HKD,HKEX, ,"2,000"
"20,000",00627,佑威國際,HKD,HKEX, ,"20,000"
"2,000",00628,華銀控股,HKD,HKEX, ,"2,000"
"1,000",00629,悅達礦業,HKD,HKEX, ,"1,000"
"10,000",00630,雋泰控股,HKD,HKEX, ,"10,000"
"1,000",00631,三一國際,HKD,HKEX, ,"1,000"
"1,000",00632,東方明珠石油,HKD,HKEX, ,"1,000"
"2,000",00633,中國全通,HKD,HKEX, ,"2,000"
"2,000",00635,彩星集團,HKD,HKEX, ,"2,000"
500,00636,嘉里物流,HKD,HKEX, ,500
"2,000",00637,利記,HKD,HKEX, ,"2,000"
"2,000",00638,建溢集團,HKD,HKEX, ,"2,000"
"2,000",00639,首鋼資源,HKD,HKEX, ,"2,000"
"4,000",00640,星謙發展,HKD,HKEX, ,"4,000"
"2,000",00641,恒天立信,HKD,HKEX, ,"2,000"
"10,000",00643,恆富控股,HKD,HKEX, ,"10,000"
"2,000",00645,安域亞洲,HKD,HKEX, ,"2,000"
"8,000",00646,中國環保科技,HKD,HKEX, ,"8,000"
"2,000",00647,JOYCE BOUTIQUE,HKD,HKEX, ,"2,000"
"2,500",00648,中國華仁醫療,HKD,HKEX, ,"2,500"
"2,000",00650,ＩＤＧ能源,HKD,HKEX, ,"2,000"
"5,000",00651,中海重工,HKD,HKEX, ,"5,000"
"2,000",00653,卓悅控股,HKD,HKEX, ,"2,000"
"2,000",00655,香港華人有限公司,HKD,HKEX, ,"2,000"
500,00656,復星國際,HKD,HKEX, ,500
"2,000",00657,環科國際,HKD,HKEX, ,"2,000"
"1,000",00658,中國高速傳動,HKD,HKEX, ,"1,000"
"1,000",00659,新創建集團,HKD,HKEX, ,"1,000"
"10,000",00660,偉俊礦業集團,HKD,HKEX, ,"10,000"
"2,000",00661,中國大冶有色金屬,HKD,HKEX, ,"2,000"
"2,000",00662,亞洲金融,HKD,HKEX, ,"2,000"
"1,000",00663,金山能源,HKD,HKEX, ,"1,000"
"1,000",00665,海通國際,HKD,HKEX, ,"1,000"
"2,000",00668,東銀國際控股,HKD,HKEX, ,"2,000"
500,00669,創科實業,HKD,HKEX, ,500
"2,000",00670,中國東方航空股份,HKD,HKEX, ,"2,000"
"1,000",00672,眾安房產,HKD,HKEX, ,"1,000"
"3,000",00673,中國衛生控股,HKD,HKEX, ,"3,000"
"4,000",00674,文化地標投資,HKD,HKEX, ,"4,000"
"2,000",00675,堅寶國際,HKD,HKEX, ,"2,000"
"2,000",00676,創信國際,HKD,HKEX, ,"2,000"
"2,000",00677,金源米業,HKD,HKEX, ,"2,000"
"1,000",00678,雲頂香港,HKD,HKEX, ,"1,000"
"10,000",00679,亞洲聯網科技,HKD,HKEX, ,"10,000"
"50,000",00680,南海控股,HKD,HKEX, ,"50,000"
"2,000",00681,中民控股,HKD,HKEX, ,"2,000"
"2,000",00682,超大現代,HKD,HKEX, ,"2,000"
500,00683,嘉里建設,HKD,HKEX, ,500
"2,000",00684,亞倫國際,HKD,HKEX, ,"2,000"
"1,000",00685,世界華文媒體,HKD,HKEX, ,"1,000"
"2,000",00686,聯合光伏,HKD,HKEX, ,"2,000"
"2,000",00687,香港國際建投,HKD,HKEX, ,"2,000"
"2,000",00688,中國海外發展,HKD,HKEX, ,"2,000"
"15,000",00689,長盈集團（控股）,HKD,HKEX, ,"15,000"
"20,000",00690,聯康生物科技集團,HKD,HKEX, ,"20,000"
"1,000",00691,山水水泥,HKD,HKEX, ,"1,000"
"5,000",00692,中國家居,HKD,HKEX, ,"5,000"
"3,000",00693,陳唱國際,HKD,HKEX, ,"3,000"
"2,000",00694,北京首都機場股份,HKD,HKEX, ,"2,000"
"2,000",00695,東吳水泥,HKD,HKEX, ,"2,000"
"1,000",00696,中國民航信息網絡,HKD,HKEX, ,"1,000"
"2,000",00697,SHOUGANG INT'L,HKD,HKEX, ,"2,000"
"10,000",00698,通達集團,HKD,HKEX, ,"10,000"
"1,000",00699,神州租車,HKD,HKEX, ,"1,000"
100,00700,騰訊控股,HKD,HKEX, ,100
"2,000",00701,CNT GROUP,HKD,HKEX, ,"2,000"
"5,000",00702,中國油氣控股,HKD,HKEX, ,"5,000"
"6,000",00703,FUTURE BRIGHT,HKD,HKEX, ,"6,000"
"10,000",00704,和嘉資源,HKD,HKEX, ,"10,000"
"12,000",00705,鼎和礦業,HKD,HKEX, ,"12,000"
"10,000",00706,美麗中國控股,HKD,HKEX, ,"10,000"
"2,000",00707,協盛協豐,HKD,HKEX, ,"2,000"
"5,000",00708,恒大健康,HKD,HKEX, ,"5,000"
"2,000",00709,佐丹奴國際,HKD,HKEX, ,"2,000"
"1,000",00710,精電,HKD,HKEX, ,"1,000"
"2,000",00711,亞洲聯合基建控股,HKD,HKEX, ,"2,000"
"2,000",00712,卡姆丹克太陽能,HKD,HKEX, ,"2,000"
"2,000",00713,世界（集團）,HKD,HKEX, ,"2,000"
"2,000",00715,中泛控股,HKD,HKEX, ,"2,000"
"2,000",00716,勝獅貨櫃,HKD,HKEX, ,"2,000"
"6,000",00717,英皇證券,HKD,HKEX, ,"6,000"
"5,000",00718,太和控股,HKD,HKEX, ,"5,000"
"2,000",00719,山東新華製藥股份,HKD,HKEX, ,"2,000"
"25,000",00720,意達利控股,HKD,HKEX, ,"25,000"
"2,000",00722,聯合醫務,HKD,HKEX, ,"2,000"
"60,000",00723,永保林業,HKD,HKEX, ,"60,000"
"10,000",00724,瑞鑫國際集團,HKD,HKEX, ,"10,000"
"2,000",00725,恆都集團,HKD,HKEX, ,"2,000"
"20,000",00726,中民築友科技,HKD,HKEX, ,"20,000"
"2,000",00727,皇冠環球集團,HKD,HKEX, ,"2,000"
"2,000",00728,中國電信,HKD,HKEX, ,"2,000"
"5,000",00729,五龍電動車,HKD,HKEX, ,"5,000"
"1,000",00730,SHOUGANG GRAND,HKD,HKEX, ,"1,000"
"2,000",00731,森信紙業集團,HKD,HKEX, ,"2,000"
"2,000",00732,信利國際,HKD,HKEX, ,"2,000"
"2,000",00733,合富輝煌,HKD,HKEX, ,"2,000"
500,00735,中國電力新能源,HKD,HKEX, ,500
"3,000",00736,中國置業投資,HKD,HKEX, ,"3,000"
500,00737,合和公路基建,HKD,HKEX, ,500
"2,000",00738,萊爾斯丹,HKD,HKEX, ,"2,000"
500,00743,亞洲水泥（中國）,HKD,HKEX, ,500
"10,000",00745,中國國家文化產業,HKD,HKEX, ,"10,000"
"2,000",00746,理文化工,HKD,HKEX, ,"2,000"
"2,000",00747,瀋陽公用發展股份,HKD,HKEX, ,"2,000"
"1,000",00750,興業太陽能,HKD,HKEX, ,"1,000"
"2,000",00751,創維數碼,HKD,HKEX, ,"2,000"
"2,000",00752,PICO FAR EAST,HKD,HKEX, ,"2,000"
"2,000",00753,中國國航,HKD,HKEX, ,"2,000"
"2,000",00754,合生創展集團,HKD,HKEX, ,"2,000"
"5,000",00755,上海証大,HKD,HKEX, ,"5,000"
"4,000",00756,天溢森美,HKD,HKEX, ,"4,000"
"1,000",00757,陽光能源,HKD,HKEX, ,"1,000"
"2,000",00758,JUNEFIELD GROUP,HKD,HKEX, ,"2,000"
"2,000",00759,CEC INT'L HOLD,HKD,HKEX, ,"2,000"
"15,000",00760,新天地產集團,HKD,HKEX, ,"15,000"
"2,000",00761,百營環球資源,HKD,HKEX, ,"2,000"
"2,000",00762,中國聯通,HKD,HKEX, ,"2,000"
200,00763,中興通訊,HKD,HKEX, ,200
"10,000",00764,永恒策略,HKD,HKEX, ,"10,000"
"2,000",00765,PERFECTECH INTL,HKD,HKEX, ,"2,000"
"5,000",00766,中盈集團控股,HKD,HKEX, ,"5,000"
"40,000",00767,PACIFIC PLYWOOD,HKD,HKEX, ,"40,000"
"2,000",00769,中國稀土,HKD,HKEX, ,"2,000"
"2,000",00771,自動系統,HKD,HKEX, ,"2,000"
"2,000",00775,長江生命科技,HKD,HKEX, ,"2,000"
"1,000",00776,帝國集團環球控股,HKD,HKEX, ,"1,000"
500,00777,網龍,HKD,HKEX, ,500
"2,000",00787,利標品牌,HKD,HKEX, ,"2,000"
"20,000",00789,雅天妮,HKD,HKEX, ,"20,000"
"2,000",00794,錦勝集團（控股）,HKD,HKEX, ,"2,000"
"4,000",00798,中電光谷,HKD,HKEX, ,"4,000"
"1,000",00799,IGG,HKD,HKEX, ,"1,000"
"2,000",00800,Ａ８新媒體,HKD,HKEX, ,"2,000"
"4,000",00801,金衛醫療,HKD,HKEX, ,"4,000"
"10,000",00802,中國錢包,HKD,HKEX, ,"10,000"
"20,000",00803,昌興國際,HKD,HKEX, ,"20,000"
100,00805,GLENCORE-S,HKD,HKEX, ,100
"1,000",00806,惠理集團,HKD,HKEX, ,"1,000"
"2,000",00809,大成生化科技,HKD,HKEX, ,"2,000"
"1,000",00811,新華文軒,HKD,HKEX, ,"1,000"
"2,000",00812,西證國際證券,HKD,HKEX, ,"2,000"
500,00813,世茂房地產,HKD,HKEX, ,500
"1,000",00814,北京京客隆,HKD,HKEX, ,"1,000"
"2,000",00815,中國白銀集團,HKD,HKEX, ,"2,000"
"2,000",00816,華電福新,HKD,HKEX, ,"2,000"
"2,000",00817,中國金茂,HKD,HKEX, ,"2,000"
"3,000",00818,高陽科技,HKD,HKEX, ,"3,000"
"2,000",00819,天能動力,HKD,HKEX, ,"2,000"
"4,000",00821,匯盈控股,HKD,HKEX, ,"4,000"
"2,000",00822,嘉瑞國際,HKD,HKEX, ,"2,000"
"1,000",00825,新世界百貨中國,HKD,HKEX, ,"1,000"
"2,000",00826,天工國際,HKD,HKEX, ,"2,000"
"4,000",00827,玖源集團,HKD,HKEX, ,"4,000"
"2,000",00828,王朝酒業,HKD,HKEX, ,"2,000"
"2,000",00829,神冠控股,HKD,HKEX, ,"2,000"
"2,000",00830,遠東環球,HKD,HKEX, ,"2,000"
"2,000",00831,利亞零售,HKD,HKEX, ,"2,000"
"1,000",00832,建業地產,HKD,HKEX, ,"1,000"
"1,000",00833,華訊,HKD,HKEX, ,"1,000"
"4,000",00834,康大食品,HKD,HKEX, ,"4,000"
"10,000",00835,亞洲煤業,HKD,HKEX, ,"10,000"
"2,000",00836,華潤電力,HKD,HKEX, ,"2,000"
"2,000",00837,譚木匠,HKD,HKEX, ,"2,000"
"2,000",00838,億和控股,HKD,HKEX, ,"2,000"
"2,000",00840,天業節水,HKD,HKEX, ,"2,000"
"2,000",00841,木薯資源,HKD,HKEX, ,"2,000"
"1,000",00842,理士國際,HKD,HKEX, ,"1,000"
"4,000",00844,廣豪國際,HKD,HKEX, ,"4,000"
"1,000",00845,恒盛地產,HKD,HKEX, ,"1,000"
"1,000",00846,明發集團,HKD,HKEX, ,"1,000"
30,00847,哈薩克礦業—Ｓ,HKD,HKEX, ,30
"1,000",00848,茂業國際,HKD,HKEX, ,"1,000"
"4,000",00850,投融長富,HKD,HKEX, ,"4,000"
"10,000",00851,盛源控股,HKD,HKEX, ,"10,000"
"2,000",00852,海峽石油化工,HKD,HKEX, ,"2,000"
"1,000",00853,微創醫療,HKD,HKEX, ,"1,000"
"1,000",00854,威雅利,HKD,HKEX, ,"1,000"
"2,000",00855,中國水務,HKD,HKEX, ,"2,000"
"2,000",00856,偉仕控股,HKD,HKEX, ,"2,000"
"2,000",00857,中國石油股份,HKD,HKEX, ,"2,000"
"10,000",00858,精優藥業,HKD,HKEX, ,"10,000"
"2,000",00859,鎮科集團,HKD,HKEX, ,"2,000"
"12,000",00860,奧立仕控股,HKD,HKEX, ,"12,000"
"1,000",00861,神州控股,HKD,HKEX, ,"1,000"
"20,000",00862,遠見控股,HKD,HKEX, ,"20,000"
"2,000",00863,品牌中國,HKD,HKEX, ,"2,000"
"4,000",00864,永利地產發展,HKD,HKEX, ,"4,000"
"4,000",00865,建德國際控股,HKD,HKEX, ,"4,000"
"2,000",00866,中國秦發,HKD,HKEX, ,"2,000"
"1,000",00867,康哲藥業,HKD,HKEX, ,"1,000"
"2,000",00868,信義玻璃,HKD,HKEX, ,"2,000"
"4,000",00869,彩星玩具,HKD,HKEX, ,"4,000"
"1,000",00871,中國疏浚環保,HKD,HKEX, ,"1,000"
"2,000",00872,啟迪國際,HKD,HKEX, ,"2,000"
"2,000",00873,中國泰豐床品,HKD,HKEX, ,"2,000"
"2,000",00874,白雲山,HKD,HKEX, ,"2,000"
"20,000",00875,中國金控,HKD,HKEX, ,"20,000"
"10,000",00876,美加醫學,HKD,HKEX, ,"10,000"
"1,000",00877,昂納科技集團,HKD,HKEX, ,"1,000"
500,00878,金朝陽集團,HKD,HKEX, ,500
"1,000",00880,澳博控股,HKD,HKEX, ,"1,000"
500,00881,中升控股,HKD,HKEX, ,500
"2,000",00882,天津發展,HKD,HKEX, ,"2,000"
"1,000",00883,中國海洋石油,HKD,HKEX, ,"1,000"
"2,000",00884,旭輝控股集團,HKD,HKEX, ,"2,000"
"10,000",00885,仁天科技控股,HKD,HKEX, ,"10,000"
"3,000",00886,銀基集團,HKD,HKEX, ,"3,000"
"10,000",00887,英皇鐘錶珠寶,HKD,HKEX, ,"10,000"
"2,000",00888,路訊通,HKD,HKEX, ,"2,000"
"2,000",00889,連達科技控股,HKD,HKEX, ,"2,000"
"2,000",00891,利邦,HKD,HKEX, ,"2,000"
"1,000",00893,中國鐵鈦,HKD,HKEX, ,"1,000"
"2,000",00894,萬裕科技,HKD,HKEX, ,"2,000"
200,00895,東江環保,HKD,HKEX, ,200
"2,000",00896,興勝創建,HKD,HKEX, ,"2,000"
"5,000",00897,位元堂,HKD,HKEX, ,"5,000"
"2,000",00898,萬事昌國際,HKD,HKEX, ,"2,000"
"10,000",00899,亞洲資源,HKD,HKEX, ,"10,000"
"2,000",00900,AEON CREDIT,HKD,HKEX, ,"2,000"
"2,000",00902,華能國際電力股份,HKD,HKEX, ,"2,000"
"2,000",00903,冠捷科技,HKD,HKEX, ,"2,000"
"4,000",00904,中綠,HKD,HKEX, ,"4,000"
"1,000",00906,中糧包裝,HKD,HKEX, ,"1,000"
"2,000",00907,高雅光學,HKD,HKEX, ,"2,000"
"2,000",00908,珠海控股投資,HKD,HKEX, ,"2,000"
"2,000",00909,中大國際,HKD,HKEX, ,"2,000"
"12,000",00910,中國三迪,HKD,HKEX, ,"12,000"
"10,000",00911,前海健康,HKD,HKEX, ,"10,000"
"2,000",00912,信佳國際,HKD,HKEX, ,"2,000"
500,00914,安徽海螺水泥股份,HKD,HKEX, ,500
"1,000",00915,道和環球,HKD,HKEX, ,"1,000"
"1,000",00916,龍源電力,HKD,HKEX, ,"1,000"
"2,000",00918,第一德勝控股,HKD,HKEX, ,"2,000"
"4,000",00919,現代美容,HKD,HKEX, ,"4,000"
"1,000",00921,海信科龍,HKD,HKEX, ,"1,000"
"20,000",00922,安賢園中國,HKD,HKEX, ,"20,000"
"2,000",00923,綜合環保集團,HKD,HKEX, ,"2,000"
"2,000",00925,北京建設,HKD,HKEX, ,"2,000"
"1,000",00926,碧生源,HKD,HKEX, ,"1,000"
"2,000",00927,富士高實業,HKD,HKEX, ,"2,000"
"4,000",00928,野馬國際,HKD,HKEX, ,"4,000"
"5,000",00929,國際精密,HKD,HKEX, ,"5,000"
"20,000",00931,中國天然氣,HKD,HKEX, ,"20,000"
"4,000",00932,御藥堂,HKD,HKEX, ,"4,000"
"1,000",00933,光匯石油,HKD,HKEX, ,"1,000"
"2,000",00934,中石化冠德,HKD,HKEX, ,"2,000"
"2,000",00935,龍翔集團,HKD,HKEX, ,"2,000"
"10,000",00936,鵬程亞洲,HKD,HKEX, ,"10,000"
"2,000",00938,民生國際,HKD,HKEX, ,"2,000"
"1,000",00939,建設銀行,HKD,HKEX, ,"1,000"
"1,000",00940,中國動物保健品,HKD,HKEX, ,"1,000"
500,00941,中國移動,HKD,HKEX, ,500
"8,000",00943,意科控股,HKD,HKEX, ,"8,000"
100,00945,宏利金融—Ｓ,HKD,HKEX, ,100
"1,000",00947,摩比發展,HKD,HKEX, ,"1,000"
"2,000",00948,融達控股,HKD,HKEX, ,"2,000"
500,00950,李氏大藥廠,HKD,HKEX, ,500
"1,000",00951,超威動力,HKD,HKEX, ,"1,000"
"10,000",00952,華富國際,HKD,HKEX, ,"10,000"
"2,000",00953,邵氏兄弟控股,HKD,HKEX, ,"2,000"
"4,000",00954,常茂生物,HKD,HKEX, ,"4,000"
"1,000",00956,新天綠色能源,HKD,HKEX, ,"1,000"
"2,000",00958,華能新能源,HKD,HKEX, ,"2,000"
"2,000",00959,奧瑪仕國際,HKD,HKEX, ,"2,000"
500,00960,龍湖地產,HKD,HKEX, ,500
"2,500",00963,華熙生物科技,HKD,HKEX, ,"2,500"
200,00966,中國太平,HKD,HKEX, ,200
"1,000",00967,桑德國際,HKD,HKEX, ,"1,000"
"2,000",00968,信義光能,HKD,HKEX, ,"2,000"
"2,000",00969,華聯國際,HKD,HKEX, ,"2,000"
"8,000",00970,耀萊集團,HKD,HKEX, ,"8,000"
250,00973,L'OCCITANE,HKD,HKEX, ,250
"1,000",00974,中國順客隆,HKD,HKEX, ,"1,000"
500,00975,MONGOL MINING,HKD,HKEX, ,500
"2,000",00976,齊合天地,HKD,HKEX, ,"2,000"
"2,000",00978,招商局置地,HKD,HKEX, ,"2,000"
"2,000",00979,綠色能源科技集團,HKD,HKEX, ,"2,000"
"1,000",00980,聯華超市,HKD,HKEX, ,"1,000"
500,00981,中芯國際,HKD,HKEX, ,500
"20,000",00982,卓智控股,HKD,HKEX, ,"20,000"
"2,000",00983,瑞安建業,HKD,HKEX, ,"2,000"
500,00984,永旺,HKD,HKEX, ,500
"8,000",00985,網智金控,HKD,HKEX, ,"8,000"
"2,000",00986,中國環保能源,HKD,HKEX, ,"2,000"
"2,000",00987,中國再生能源投資,HKD,HKEX, ,"2,000"
"3,000",00988,樓東俊安資源,HKD,HKEX, ,"3,000"
"5,000",00989,廣澤國際發展,HKD,HKEX, ,"5,000"
"10,000",00990,榮暉國際,HKD,HKEX, ,"10,000"
"2,000",00991,大唐發電,HKD,HKEX, ,"2,000"
"2,000",00992,聯想集團,HKD,HKEX, ,"2,000"
"1,000",00993,華融金控,HKD,HKEX, ,"1,000"
"2,000",00995,安徽皖通高速公路,HKD,HKEX, ,"2,000"
"10,000",00996,嘉年華國際,HKD,HKEX, ,"10,000"
"10,000",00997,普匯中金國際,HKD,HKEX, ,"10,000"
"1,000",00998,中信銀行,HKD,HKEX, ,"1,000"
"2,000",00999,I.T,HKD,HKEX, ,"2,000"
500,01000,北青傳媒,HKD,HKEX, ,500
"2,000",01001,滬港聯合,HKD,HKEX, ,"2,000"
"4,000",01002,威鋮國際,HKD,HKEX, ,"4,000"
"10,000",01003,歡喜傳媒,HKD,HKEX, ,"10,000"
"2,000",01004,中國智慧能源,HKD,HKEX, ,"2,000"
"2,000",01005,MATRIX HOLDINGS,HKD,HKEX, ,"2,000"
"1,000",01006,長壽花食品,HKD,HKEX, ,"1,000"
"1,000",01007,大慶乳業,HKD,HKEX, ,"1,000"
"2,000",01008,貴聯控股,HKD,HKEX, ,"2,000"
"2,000",01009,國際娛樂,HKD,HKEX, ,"2,000"
"2,000",01010,太睿國際控股,HKD,HKEX, ,"2,000"
500,01011,泰凌醫藥,HKD,HKEX, ,500
"2,000",01013,偉俊集團控股,HKD,HKEX, ,"2,000"
"6,000",01019,康宏環球,HKD,HKEX, ,"6,000"
"4,000",01020,華耐控股,HKD,HKEX, ,"4,000"
"1,000",01021,麥達斯控股—Ｓ,HKD,HKEX, ,"1,000"
"1,500",01022,飛魚科技,HKD,HKEX, ,"1,500"
"1,000",01023,時代集團控股,HKD,HKEX, ,"1,000"
"10,000",01026,環球實業科技,HKD,HKEX, ,"10,000"
"10,000",01027,中國集成控股,HKD,HKEX, ,"10,000"
"1,000",01028,千百度,HKD,HKEX, ,"1,000"
"2,000",01029,鐵貨,HKD,HKEX, ,"2,000"
"2,000",01030,新城發展控股,HKD,HKEX, ,"2,000"
"2,000",01031,金利豐金融,HKD,HKEX, ,"2,000"
"2,000",01033,中石化油服,HKD,HKEX, ,"2,000"
"1,500",01035,ＢＢＩ生命科學,HKD,HKEX, ,"1,500"
"1,000",01036,萬科置業海外,HKD,HKEX, ,"1,000"
"2,000",01037,雲智匯科技,HKD,HKEX, ,"2,000"
"1,000",01038,長江基建集團,HKD,HKEX, ,"1,000"
"1,000",01039,鑫網易商,HKD,HKEX, ,"1,000"
"10,000",01041,林達控股,HKD,HKEX, ,"10,000"
"2,000",01043,光宇國際集團科技,HKD,HKEX, ,"2,000"
500,01044,恒安國際,HKD,HKEX, ,500
500,01045,亞太衛星,HKD,HKEX, ,500
"5,000",01046,寰宇國際金融,HKD,HKEX, ,"5,000"
"2,000",01047,毅興行,HKD,HKEX, ,"2,000"
"1,000",01048,煜新控股,HKD,HKEX, ,"1,000"
"6,000",01049,時富投資,HKD,HKEX, ,"6,000"
"2,000",01050,嘉利國際,HKD,HKEX, ,"2,000"
"3,000",01051,國際資源,HKD,HKEX, ,"3,000"
"2,000",01052,越秀交通基建,HKD,HKEX, ,"2,000"
"2,000",01053,重慶鋼鐵股份,HKD,HKEX, ,"2,000"
"2,000",01055,中國南方航空股份,HKD,HKEX, ,"2,000"
"2,000",01057,浙江世寶,HKD,HKEX, ,"2,000"
"2,000",01058,粵海制革,HKD,HKEX, ,"2,000"
"3,000",01059,看通集團,HKD,HKEX, ,"3,000"
"10,000",01060,阿里影業,HKD,HKEX, ,"10,000"
"1,000",01061,億勝生物科技,HKD,HKEX, ,"1,000"
"10,000",01063,新確科技,HKD,HKEX, ,"10,000"
"5,000",01064,中華國際,HKD,HKEX, ,"5,000"
"2,000",01065,天津創業環保股份,HKD,HKEX, ,"2,000"
"4,000",01066,威高股份,HKD,HKEX, ,"4,000"
"1,000",01068,雨潤食品,HKD,HKEX, ,"1,000"
"20,000",01069,中國農林低碳,HKD,HKEX, ,"20,000"
"1,000",01070,ＴＣＬ多媒體,HKD,HKEX, ,"1,000"
"2,000",01071,華電國際電力股份,HKD,HKEX, ,"2,000"
200,01072,東方電氣,HKD,HKEX, ,200
"2,000",01073,浩倫農科,HKD,HKEX, ,"2,000"
"6,000",01075,首都信息,HKD,HKEX, ,"6,000"
"20,000",01076,博華太平洋,HKD,HKEX, ,"20,000"
"2,000",01079,松景科技,HKD,HKEX, ,"2,000"
"1,500",01080,勝利管道,HKD,HKEX, ,"1,500"
"8,000",01082,香港教育國際,HKD,HKEX, ,"8,000"
"1,000",01083,港華燃氣,HKD,HKEX, ,"1,000"
"2,000",01085,亨鑫科技,HKD,HKEX, ,"2,000"
"1,000",01086,好孩子國際,HKD,HKEX, ,"1,000"
"1,000",01087,威訊控股,HKD,HKEX, ,"1,000"
500,01088,中國神華,HKD,HKEX, ,500
"5,000",01089,樂遊科技控股,HKD,HKEX, ,"5,000"
"2,000",01090,大明國際,HKD,HKEX, ,"2,000"
"1,000",01091,中信大錳,HKD,HKEX, ,"1,000"
"2,000",01093,石藥集團,HKD,HKEX, ,"2,000"
"4,000",01094,中國公共採購,HKD,HKEX, ,"4,000"
"2,000",01096,中能國際控股,HKD,HKEX, ,"2,000"
"1,000",01097,有線寬頻,HKD,HKEX, ,"1,000"
"1,000",01098,ROAD KING INFRA,HKD,HKEX, ,"1,000"
400,01099,國藥控股,HKD,HKEX, ,400
"2,000",01100,飛達控股,HKD,HKEX, ,"2,000"
"2,000",01101,華榮能源,HKD,HKEX, ,"2,000"
"2,000",01102,環能國際,HKD,HKEX, ,"2,000"
"8,000",01103,大生農業金融,HKD,HKEX, ,"8,000"
"20,000",01104,亞太資源,HKD,HKEX, ,"20,000"
"2,000",01105,星島,HKD,HKEX, ,"2,000"
"20,000",01106,中國海景,HKD,HKEX, ,"20,000"
"2,000",01107,當代置業,HKD,HKEX, ,"2,000"
"2,000",01108,洛陽玻璃股份,HKD,HKEX, ,"2,000"
"2,000",01109,華潤置地,HKD,HKEX, ,"2,000"
"4,000",01110,金活醫藥集團,HKD,HKEX, ,"4,000"
"1,000",01111,創興銀行,HKD,HKEX, ,"1,000"
500,01112,合生元,HKD,HKEX, ,500
500,01113,長實地產,HKD,HKEX, ,500
"2,000",01114,BRILLIANCE CHI,HKD,HKEX, ,"2,000"
"1,000",01115,西藏水資源,HKD,HKEX, ,"1,000"
"4,000",01116,MAYER HOLDINGS,HKD,HKEX, ,"4,000"
"1,000",01117,現代牧業,HKD,HKEX, ,"1,000"
"10,000",01118,高力集團,HKD,HKEX, ,"10,000"
"2,000",01120,雅視光學,HKD,HKEX, ,"2,000"
"2,000",01121,寶峰時尚,HKD,HKEX, ,"2,000"
"2,000",01122,慶鈴汽車股份,HKD,HKEX, ,"2,000"
"2,000",01123,中港照相,HKD,HKEX, ,"2,000"
"2,000",01124,沿海家園,HKD,HKEX, ,"2,000"
"20,000",01125,麗豐控股,HKD,HKEX, ,"20,000"
"2,000",01126,德林國際,HKD,HKEX, ,"2,000"
"4,000",01127,匯星印刷,HKD,HKEX, ,"4,000"
400,01128,永利澳門,HKD,HKEX, ,400
"4,000",01129,中國水業集團,HKD,HKEX, ,"4,000"
"4,000",01130,中國環境資源,HKD,HKEX, ,"4,000"
"5,000",01131,鴻寶資源,HKD,HKEX, ,"5,000"
"5,000",01132,橙天嘉禾,HKD,HKEX, ,"5,000"
"2,000",01133,哈爾濱電氣,HKD,HKEX, ,"2,000"
500,01135,ASIA SATELLITE,HKD,HKEX, ,500
"2,000",01136,台泥國際集團,HKD,HKEX, ,"2,000"
"1,000",01137,香港電視,HKD,HKEX, ,"1,000"
"2,000",01138,中遠海能,HKD,HKEX, ,"2,000"
"16,000",01139,華多利集團,HKD,HKEX, ,"16,000"
"10,000",01141,天順證券,HKD,HKEX, ,"10,000"
"10,000",01142,西伯利亞礦業,HKD,HKEX, ,"10,000"
"4,000",01143,華夏健康產業,HKD,HKEX, ,"4,000"
"1,000",01145,勇利航業,HKD,HKEX, ,"1,000"
"2,000",01146,中國服飾控股,HKD,HKEX, ,"2,000"
"1,000",01148,新晨動力,HKD,HKEX, ,"1,000"
"4,000",01149,中國安芯,HKD,HKEX, ,"4,000"
"2,000",01150,米蘭站,HKD,HKEX, ,"2,000"
500,01151,依利安達,HKD,HKEX, ,500
"2,000",01152,新融宇集團,HKD,HKEX, ,"2,000"
"1,000",01155,星辰通信,HKD,HKEX, ,"1,000"
200,01157,中聯重科,HKD,HKEX, ,200
500,01159,集美國際娛樂,HKD,HKEX, ,500
"2,000",01161,奧思集團,HKD,HKEX, ,"2,000"
"10,000",01163,德金資源,HKD,HKEX, ,"10,000"
"5,000",01164,中廣核礦業,HKD,HKEX, ,"5,000"
"2,000",01165,順風清潔能源,HKD,HKEX, ,"2,000"
"20,000",01166,星凱控股,HKD,HKEX, ,"20,000"
"2,000",01168,百仕達控股,HKD,HKEX, ,"2,000"
"1,000",01169,海爾電器,HKD,HKEX, ,"1,000"
"2,000",01170,信星集團,HKD,HKEX, ,"2,000"
"2,000",01171,兗州煤業股份,HKD,HKEX, ,"2,000"
"20,000",01172,勤達集團國際,HKD,HKEX, ,"20,000"
"20,000",01173,威高國際,HKD,HKEX, ,"20,000"
"2,000",01174,太平洋恩利,HKD,HKEX, ,"2,000"
"10,000",01175,鮮馳達控股,HKD,HKEX, ,"10,000"
"2,000",01176,珠光控股,HKD,HKEX, ,"2,000"
"1,000",01177,中國生物製藥,HKD,HKEX, ,"1,000"
"10,000",01178,共享經濟集團,HKD,HKEX, ,"10,000"
"4,000",01180,匯彩控股,HKD,HKEX, ,"4,000"
"2,000",01181,唐宮中國,HKD,HKEX, ,"2,000"
"10,000",01182,勝龍國際,HKD,HKEX, ,"10,000"
"2,000",01184,S.A.S. DRAGON,HKD,HKEX, ,"2,000"
"2,000",01185,中國航天萬源,HKD,HKEX, ,"2,000"
500,01186,中國鐵建,HKD,HKEX, ,500
"2,000",01187,漢唐國際控股,HKD,HKEX, ,"2,000"
"2,000",01188,正道集團,HKD,HKEX, ,"2,000"
"10,000",01189,珀麗酒店,HKD,HKEX, ,"10,000"
"2,000",01190,航標控股,HKD,HKEX, ,"2,000"
"20,000",01191,粵首環保,HKD,HKEX, ,"20,000"
"20,000",01192,泰山石化,HKD,HKEX, ,"20,000"
"2,000",01193,華潤燃氣,HKD,HKEX, ,"2,000"
"2,000",01194,麥盛資本,HKD,HKEX, ,"2,000"
"4,000",01195,京維集團,HKD,HKEX, ,"4,000"
"2,000",01196,偉祿集團,HKD,HKEX, ,"2,000"
"2,000",01197,中國恒石,HKD,HKEX, ,"2,000"
"2,000",01198,皇朝傢俬,HKD,HKEX, ,"2,000"
"2,000",01199,中遠海運港口,HKD,HKEX, ,"2,000"
"2,000",01200,美聯集團,HKD,HKEX, ,"2,000"
"3,000",01201,天臣控股,HKD,HKEX, ,"3,000"
"2,000",01202,成都普天電纜股份,HKD,HKEX, ,"2,000"
"2,000",01203,廣南（集團）,HKD,HKEX, ,"2,000"
"2,000",01205,中信資源,HKD,HKEX, ,"2,000"
"2,000",01206,同方泰德,HKD,HKEX, ,"2,000"
"2,000",01207,上置集團,HKD,HKEX, ,"2,000"
"4,000",01208,五礦資源,HKD,HKEX, ,"4,000"
"2,000",01210,克莉絲汀,HKD,HKEX, ,"2,000"
500,01211,比亞迪股份,HKD,HKEX, ,500
500,01212,利福國際,HKD,HKEX, ,500
"2,000",01213,萬保剛集團,HKD,HKEX, ,"2,000"
"20,000",01215,開源控股,HKD,HKEX, ,"20,000"
"1,000",01218,永義國際,HKD,HKEX, ,"1,000"
"1,000",01219,天喔國際,HKD,HKEX, ,"1,000"
"30,000",01220,志道國際,HKD,HKEX, ,"30,000"
"2,000",01221,SINO HOTELS,HKD,HKEX, ,"2,000"
"20,000",01222,WANG ON GROUP,HKD,HKEX, ,"20,000"
"10,000",01223,新灃集團,HKD,HKEX, ,"10,000"
"1,000",01224,中渝置地,HKD,HKEX, ,"1,000"
"20,000",01225,隆成金融,HKD,HKEX, ,"20,000"
"5,000",01228,奇峰國際,HKD,HKEX, ,"5,000"
"2,000",01229,南南資源,HKD,HKEX, ,"2,000"
"1,000",01230,雅士利國際,HKD,HKEX, ,"1,000"
"2,000",01231,新礦資源,HKD,HKEX, ,"2,000"
"2,000",01232,金輪天地控股,HKD,HKEX, ,"2,000"
"1,000",01233,時代地產,HKD,HKEX, ,"1,000"
"1,000",01234,中國利郎,HKD,HKEX, ,"1,000"
"5,000",01235,專業旅運,HKD,HKEX, ,"5,000"
"2,000",01236,國農控股,HKD,HKEX, ,"2,000"
"10,000",01237,中科生物,HKD,HKEX, ,"10,000"
"1,000",01238,寶龍地產,HKD,HKEX, ,"1,000"
"20,000",01239,金寶寶控股,HKD,HKEX, ,"20,000"
"2,500",01240,青建國際,HKD,HKEX, ,"2,500"
"2,000",01241,雙樺控股,HKD,HKEX, ,"2,000"
"4,000",01243,宏安地產,HKD,HKEX, ,"4,000"
"2,000",01245,NIRAKU,HKD,HKEX, ,"2,000"
"20,000",01246,毅信控股,HKD,HKEX, ,"20,000"
"2,000",01247,米格國際控股,HKD,HKEX, ,"2,000"
"1,000",01249,通力電子,HKD,HKEX, ,"1,000"
"20,000",01250,北控清潔能源集團,HKD,HKEX, ,"20,000"
"2,000",01251,華油能源,HKD,HKEX, ,"2,000"
"1,000",01252,中國天瑞水泥,HKD,HKEX, ,"1,000"
"4,000",01253,中國綠地博大綠澤,HKD,HKEX, ,"4,000"
"2,000",01255,港大零售,HKD,HKEX, ,"2,000"
"1,000",01258,中國有色礦業,HKD,HKEX, ,"1,000"
"1,000",01259,中國兒童護理,HKD,HKEX, ,"1,000"
"2,000",01260,皓天財經集團,HKD,HKEX, ,"2,000"
"1,000",01262,蠟筆小新食品,HKD,HKEX, ,"1,000"
"2,000",01263,栢能集團,HKD,HKEX, ,"2,000"
"10,000",01265,天津津燃公用,HKD,HKEX, ,"10,000"
"1,000",01266,西王特鋼,HKD,HKEX, ,"1,000"
"2,000",01268,美東汽車,HKD,HKEX, ,"2,000"
"2,000",01269,首控集團,HKD,HKEX, ,"2,000"
500,01270,朗廷—ＳＳ,HKD,HKEX, ,500
"1,000",01271,佳明集團控股,HKD,HKEX, ,"1,000"
"1,000",01272,大唐環境,HKD,HKEX, ,"1,000"
"4,000",01273,香港信貸,HKD,HKEX, ,"4,000"
"2,000",01277,力量能源,HKD,HKEX, ,"2,000"
"2,500",01278,中國新城鎮,HKD,HKEX, ,"2,500"
"2,000",01280,匯銀智慧社區,HKD,HKEX, ,"2,000"
"1,000",01281,隆基泰和智慧能源,HKD,HKEX, ,"1,000"
"4,000",01282,中國金洋,HKD,HKEX, ,"4,000"
"1,000",01285,嘉士利集團,HKD,HKEX, ,"1,000"
"1,000",01288,農業銀行,HKD,HKEX, ,"1,000"
500,01289,盛力達科技,HKD,HKEX, ,500
"2,000",01290,中國匯融,HKD,HKEX, ,"2,000"
"1,000",01292,長安民生物流,HKD,HKEX, ,"1,000"
500,01293,寶信汽車,HKD,HKEX, ,500
"1,000",01296,國電科環,HKD,HKEX, ,"1,000"
"1,000",01297,中國擎天軟件,HKD,HKEX, ,"1,000"
"1,000",01298,天美（控股）,HKD,HKEX, ,"1,000"
200,01299,友邦保險,HKD,HKEX, ,200
"2,000",01300,俊知集團,HKD,HKEX, ,"2,000"
"2,000",01301,德基科技控股,HKD,HKEX, ,"2,000"
"2,000",01302,先健科技,HKD,HKEX, ,"2,000"
"2,000",01303,滙力資源,HKD,HKEX, ,"2,000"
"1,000",01305,偉志控股,HKD,HKEX, ,"1,000"
"1,000",01308,海豐國際,HKD,HKEX, ,"1,000"
500,01310,香港寬頻,HKD,HKEX, ,500
"6,000",01312,同方康泰,HKD,HKEX, ,"6,000"
"2,000",01313,華潤水泥控股,HKD,HKEX, ,"2,000"
"2,000",01314,翠華控股,HKD,HKEX, ,"2,000"
"2,000",01315,允升國際,HKD,HKEX, ,"2,000"
"1,000",01316,耐世特,HKD,HKEX, ,"1,000"
"2,000",01317,楓葉教育,HKD,HKEX, ,"2,000"
"2,000",01318,格菱控股,HKD,HKEX, ,"2,000"
"8,000",01319,靄華押業信貸,HKD,HKEX, ,"8,000"
"2,000",01321,中國新城市,HKD,HKEX, ,"2,000"
500,01322,創達科技控股,HKD,HKEX, ,500
"2,000",01323,NEWTREE GROUP,HKD,HKEX, ,"2,000"
"8,000",01326,天馬影視,HKD,HKEX, ,"8,000"
"2,000",01327,時間由你,HKD,HKEX, ,"2,000"
"10,000",01328,精英國際,HKD,HKEX, ,"10,000"
"2,000",01329,首創鉅大,HKD,HKEX, ,"2,000"
"1,000",01330,綠色動力環保,HKD,HKEX, ,"1,000"
"10,000",01332,中國透雲,HKD,HKEX, ,"10,000"
400,01333,中國忠旺,HKD,HKEX, ,400
"2,000",01335,順泰控股,HKD,HKEX, ,"2,000"
100,01336,新華保險,HKD,HKEX, ,100
"2,000",01338,霸王集團,HKD,HKEX, ,"2,000"
"1,000",01339,中國人民保險集團,HKD,HKEX, ,"1,000"
"4,000",01340,惠生國際,HKD,HKEX, ,"4,000"
"8,000",01341,焯陞企業,HKD,HKEX, ,"8,000"
"1,000",01345,中國先鋒醫藥,HKD,HKEX, ,"1,000"
"1,000",01347,華虹半導體,HKD,HKEX, ,"1,000"
"2,000",01348,滉達富控股,HKD,HKEX, ,"2,000"
"1,000",01349,復旦張江,HKD,HKEX, ,"1,000"
"1,000",01353,諾奇,HKD,HKEX, ,"1,000"
"2,000",01355,朸濬國際,HKD,HKEX, ,"2,000"
500,01357,美圖公司,HKD,HKEX, ,500
"1,000",01358,普華和順,HKD,HKEX, ,"1,000"
"1,000",01359,中國信達,HKD,HKEX, ,"1,000"
"5,000",01360,MEGAEXPO HLDG,HKD,HKEX, ,"5,000"
"1,000",01361,３６１度,HKD,HKEX, ,"1,000"
"4,000",01362,新龍移動,HKD,HKEX, ,"4,000"
"2,000",01363,中滔環保,HKD,HKEX, ,"2,000"
"1,000",01365,潤東汽車,HKD,HKEX, ,"1,000"
"2,000",01366,江南集團,HKD,HKEX, ,"2,000"
"4,000",01367,恒寶企業控股,HKD,HKEX, ,"4,000"
500,01368,特步國際,HKD,HKEX, ,500
"2,000",01369,五洲國際,HKD,HKEX, ,"2,000"
"1,000",01370,恒實礦業,HKD,HKEX, ,"1,000"
"20,000",01371,華彩控股,HKD,HKEX, ,"20,000"
"2,000",01372,比速科技,HKD,HKEX, ,"2,000"
"1,000",01373,國際家居零售,HKD,HKEX, ,"1,000"
"1,000",01375,中州證券,HKD,HKEX, ,"1,000"
500,01378,中國宏橋,HKD,HKEX, ,500
"10,000",01380,中國金石,HKD,HKEX, ,"10,000"
"1,000",01381,粵豐環保,HKD,HKEX, ,"1,000"
"1,000",01382,互太紡織,HKD,HKEX, ,"1,000"
"10,000",01383,太陽世紀集團,HKD,HKEX, ,"10,000"
"2,000",01385,上海復旦,HKD,HKEX, ,"2,000"
"1,000",01386,國投集團控股,HKD,HKEX, ,"1,000"
"2,000",01387,人和商業,HKD,HKEX, ,"2,000"
"1,000",01388,安莉芳控股,HKD,HKEX, ,"1,000"
"4,000",01389,美捷控股,HKD,HKEX, ,"4,000"
"1,000",01393,恒鼎實業,HKD,HKEX, ,"1,000"
"5,000",01395,強泰環保,HKD,HKEX, ,"5,000"
"2,000",01396,毅德國際,HKD,HKEX, ,"2,000"
"4,000",01397,碧瑤綠色集團,HKD,HKEX, ,"4,000"
"1,000",01398,工商銀行,HKD,HKEX, ,"1,000"
"2,000",01399,飛毛腿,HKD,HKEX, ,"2,000"
"5,000",01400,宏太控股,HKD,HKEX, ,"5,000"
"1,000",01415,高偉電子,HKD,HKEX, ,"1,000"
"2,000",01418,盛諾集團,HKD,HKEX, ,"2,000"
"2,000",01419,盈健醫療,HKD,HKEX, ,"2,000"
"4,000",01420,川控股,HKD,HKEX, ,"4,000"
"5,000",01421,工蓋有限公司,HKD,HKEX, ,"5,000"
"2,000",01428,耀才證券金融,HKD,HKEX, ,"2,000"
"2,000",01430,蘇創燃氣,HKD,HKEX, ,"2,000"
"1,000",01431,原生態牧業,HKD,HKEX, ,"1,000"
"1,000",01432,中國聖牧,HKD,HKEX, ,"1,000"
"5,000",01439,中華包裝控股,HKD,HKEX, ,"5,000"
"2,000",01443,富臨集團控股,HKD,HKEX, ,"2,000"
"2,000",01446,鴻福堂,HKD,HKEX, ,"2,000"
"2,000",01447,新福港,HKD,HKEX, ,"2,000"
"1,000",01448,福壽園,HKD,HKEX, ,"1,000"
"2,000",01450,世紀睿科,HKD,HKEX, ,"2,000"
"1,000",01452,迪諾斯環保,HKD,HKEX, ,"1,000"
500,01456,國聯證券,HKD,HKEX, ,500
500,01458,周黑鴨,HKD,HKEX, ,500
"2,000",01459,巨匠建設,HKD,HKEX, ,"2,000"
"4,000",01460,揚科集團,HKD,HKEX, ,"4,000"
"1,000",01461,魯証期貨,HKD,HKEX, ,"1,000"
"2,000",01462,金誠控股,HKD,HKEX, ,"2,000"
"2,000",01466,民生珠寶,HKD,HKEX, ,"2,000"
"10,000",01468,英裘控股,HKD,HKEX, ,"10,000"
"4,000",01469,結好金融,HKD,HKEX, ,"4,000"
"4,000",01470,滴達國際,HKD,HKEX, ,"4,000"
"1,000",01476,恒投證券,HKD,HKEX, ,"1,000"
"1,000",01478,丘鈦科技,HKD,HKEX, ,"1,000"
"2,000",01480,恩達集團控股,HKD,HKEX, ,"2,000"
"2,000",01483,譽宴集團,HKD,HKEX, ,"2,000"
"2,000",01486,思城控股,HKD,HKEX, ,"2,000"
"2,000",01488,百福控股,HKD,HKEX, ,"2,000"
"2,000",01492,中地乳業,HKD,HKEX, ,"2,000"
"2,000",01495,集一家居,HKD,HKEX, ,"2,000"
"4,000",01496,亞積邦租賃,HKD,HKEX, ,"4,000"
500,01498,培力控股,HKD,HKEX, ,500
"10,000",01499,前進控股集團,HKD,HKEX, ,"10,000"
"5,000",01500,現恆建築,HKD,HKEX, ,"5,000"
"1,000",01508,中國再保險,HKD,HKEX, ,"1,000"
"1,000",01509,和美醫療,HKD,HKEX, ,"1,000"
100,01513,麗珠醫藥,HKD,HKEX, ,100
500,01515,華潤鳳凰醫療,HKD,HKEX, ,500
500,01518,新世紀醫療,HKD,HKEX, ,500
"6,000",01520,時尚環球,HKD,HKEX, ,"6,000"
"4,000",01522,中國城市軌道科技,HKD,HKEX, ,"4,000"
"8,000",01523,珩灣科技,HKD,HKEX, ,"8,000"
"1,000",01526,瑞慈醫療,HKD,HKEX, ,"1,000"
200,01527,天潔環境,HKD,HKEX, ,200
200,01528,紅星美凱龍,HKD,HKEX, ,200
500,01530,三生製藥,HKD,HKEX, ,500
"3,000",01532,中國派對文化,HKD,HKEX, ,"3,000"
500,01533,莊園牧場,HKD,HKEX, ,500
"2,000",01536,煜榮集團,HKD,HKEX, ,"2,000"
"2,000",01538,中奧到家,HKD,HKEX, ,"2,000"
"2,000",01539,滙能集團,HKD,HKEX, ,"2,000"
"2,000",01543,中盈盛達融資擔保,HKD,HKEX, ,"2,000"
"8,000",01547,IBI GROUP HLDGS,HKD,HKEX, ,"8,000"
"2,000",01548,金斯瑞生物科技,HKD,HKEX, ,"2,000"
"8,000",01549,永豐集團控股,HKD,HKEX, ,"8,000"
"2,000",01555,ＭＩ能源,HKD,HKEX, ,"2,000"
"5,000",01556,建業建榮,HKD,HKEX, ,"5,000"
"4,000",01557,劍虹集團控股,HKD,HKEX, ,"4,000"
200,01558,東陽光藥,HKD,HKEX, ,200
"10,000",01559,均安控股,HKD,HKEX, ,"10,000"
"2,000",01560,星星地產,HKD,HKEX, ,"2,000"
"4,000",01561,萬輝化工,HKD,HKEX, ,"4,000"
"1,000",01565,成實外教育,HKD,HKEX, ,"1,000"
"1,000",01566,華夏動漫,HKD,HKEX, ,"1,000"
"2,000",01568,承達集團,HKD,HKEX, ,"2,000"
"1,000",01570,偉業控股,HKD,HKEX, ,"1,000"
"4,000",01572,中國藝術金融,HKD,HKEX, ,"4,000"
"2,000",01573,中國優質能源,HKD,HKEX, ,"2,000"
"2,000",01575,慕容控股,HKD,HKEX, ,"2,000"
"2,000",01577,匯鑫小貸,HKD,HKEX, ,"2,000"
500,01578,天津銀行,HKD,HKEX, ,500
"1,000",01579,頤海國際,HKD,HKEX, ,"1,000"
"5,000",01580,大森控股,HKD,HKEX, ,"5,000"
"5,000",01581,進昇集團控股,HKD,HKEX, ,"5,000"
"1,000",01583,親親食品,HKD,HKEX, ,"1,000"
"2,000",01585,雅迪控股,HKD,HKEX, ,"2,000"
"4,000",01586,中國力鴻,HKD,HKEX, ,"4,000"
200,01588,暢捷通,HKD,HKEX, ,200
"1,000",01589,中國物流資產,HKD,HKEX, ,"1,000"
"20,000",01591,汛和集團,HKD,HKEX, ,"20,000"
"1,000",01596,翼辰實業,HKD,HKEX, ,"1,000"
"1,000",01599,城建設計,HKD,HKEX, ,"1,000"
"1,500",01600,天倫燃氣,HKD,HKEX, ,"1,500"
"2,000",01606,國銀租賃,HKD,HKEX, ,"2,000"
"1,000",01608,偉能集團,HKD,HKEX, ,"1,000"
"10,000",01609,創建集團控股,HKD,HKEX, ,"10,000"
"1,000",01610,中糧肉食,HKD,HKEX, ,"1,000"
"2,000",01611,桐成控股,HKD,HKEX, ,"2,000"
"2,000",01612,永勝醫療,HKD,HKEX, ,"2,000"
"8,000",01613,協同通信,HKD,HKEX, ,"8,000"
"2,000",01616,銀仕來控股,HKD,HKEX, ,"2,000"
"4,000",01617,南方通信,HKD,HKEX, ,"4,000"
"1,000",01618,中國中冶,HKD,HKEX, ,"1,000"
"2,000",01619,天合化工,HKD,HKEX, ,"2,000"
"2,000",01622,力高地產,HKD,HKEX, ,"2,000"
"1,000",01623,海隆控股,HKD,HKEX, ,"1,000"
"2,000",01626,嘉耀控股,HKD,HKEX, ,"2,000"
"4,000",01627,安保工程控股,HKD,HKEX, ,"4,000"
"1,000",01628,禹洲地產,HKD,HKEX, ,"1,000"
"4,000",01629,盟科控股,HKD,HKEX, ,"4,000"
"2,000",01632,膳源控股,HKD,HKEX, ,"2,000"
"3,000",01633,上諭集團,HKD,HKEX, ,"3,000"
"1,000",01635,大眾公用,HKD,HKEX, ,"1,000"
"4,000",01636,中國金屬利用,HKD,HKEX, ,"4,000"
"2,000",01637,順興集團控股,HKD,HKEX, ,"2,000"
"1,000",01638,佳兆業集團,HKD,HKEX, ,"1,000"
"10,000",01639,安捷利實業,HKD,HKEX, ,"10,000"
"2,000",01656,億仕登控股,HKD,HKEX, ,"2,000"
"1,000",01658,郵儲銀行,HKD,HKEX, ,"1,000"
"8,000",01660,善樂國際,HKD,HKEX, ,"8,000"
"1,000",01661,智美體育,HKD,HKEX, ,"1,000"
"4,000",01662,義合控股,HKD,HKEX, ,"4,000"
"2,000",01663,漢港控股,HKD,HKEX, ,"2,000"
"1,000",01666,同仁堂科技,HKD,HKEX, ,"1,000"
"2,000",01668,華南城,HKD,HKEX, ,"2,000"
"2,000",01669,環球信貸集團,HKD,HKEX, ,"2,000"
"2,000",01673,華章科技,HKD,HKEX, ,"2,000"
"2,000",01678,中創環球,HKD,HKEX, ,"2,000"
"1,000",01680,澳門勵駿,HKD,HKEX, ,"1,000"
"1,000",01681,康臣葯業,HKD,HKEX, ,"1,000"
"4,000",01682,高銳中國物聯,HKD,HKEX, ,"4,000"
"4,000",01683,良斯集團,HKD,HKEX, ,"4,000"
"1,000",01685,博耳電力,HKD,HKEX, ,"1,000"
"2,000",01689,華禧控股,HKD,HKEX, ,"2,000"
"1,000",01698,博士蛙國際,HKD,HKEX, ,"1,000"
"4,000",01699,普甜食品,HKD,HKEX, ,"4,000"
"1,000",01700,華地國際控股,HKD,HKEX, ,"1,000"
"1,000",01708,三寶科技,HKD,HKEX, ,"1,000"
"1,000",01717,澳優,HKD,HKEX, ,"1,000"
"5,000",01718,宏基集團控股,HKD,HKEX, ,"5,000"
500,01728,正通汽車,HKD,HKEX, ,500
"12,000",01733,易大宗,HKD,HKEX, ,"12,000"
"2,500",01738,飛尚無煙煤,HKD,HKEX, ,"2,500"
"1,000",01766,中國中車,HKD,HKEX, ,"1,000"
"1,000",01771,新豐泰集團,HKD,HKEX, ,"1,000"
200,01776,廣發証券,HKD,HKEX, ,200
"1,500",01777,花樣年控股,HKD,HKEX, ,"1,500"
"1,000",01778,彩生活,HKD,HKEX, ,"1,000"
500,01786,鐵建裝備,HKD,HKEX, ,500
"1,000",01788,國泰君安國際,HKD,HKEX, ,"1,000"
"1,000",01798,大唐新能源,HKD,HKEX, ,"1,000"
400,01799,新特能源,HKD,HKEX, ,400
"1,000",01800,中國交通建設,HKD,HKEX, ,"1,000"
"2,500",01803,北京體育文化,HKD,HKEX, ,"2,500"
"2,000",01808,企展控股,HKD,HKEX, ,"2,000"
"2,000",01811,中廣核新能源,HKD,HKEX, ,"2,000"
500,01812,晨鳴紙業,HKD,HKEX, ,500
500,01813,合景泰富,HKD,HKEX, ,500
"1,000",01816,中廣核電力,HKD,HKEX, ,"1,000"
500,01818,招金礦業,HKD,HKEX, ,500
600,01819,富貴鳥,HKD,HKEX, ,600
"30,000",01822,弘達金融控股,HKD,HKEX, ,"30,000"
"2,000",01823,華昱高速,HKD,HKEX, ,"2,000"
"1,000",01828,大昌行集團,HKD,HKEX, ,"1,000"
"1,000",01829,中國機械工程,HKD,HKEX, ,"1,000"
"4,000",01830,必瘦站,HKD,HKEX, ,"4,000"
"1,000",01831,十方控股,HKD,HKEX, ,"1,000"
500,01833,銀泰商業,HKD,HKEX, ,500
500,01836,九興控股,HKD,HKEX, ,500
"1,000",01838,CHINAPROPERTIES,HKD,HKEX, ,"1,000"
500,01848,中國飛機租賃,HKD,HKEX, ,500
"1,000",01856,依波路,HKD,HKEX, ,"1,000"
200,01858,春立醫療,HKD,HKEX, ,200
"1,000",01862,景瑞控股,HKD,HKEX, ,"1,000"
"1,000",01863,中國龍天集團,HKD,HKEX, ,"1,000"
"1,000",01866,中國心連心化肥,HKD,HKEX, ,"1,000"
"2,000",01868,同方友友,HKD,HKEX, ,"2,000"
50,01878,南戈壁—Ｓ,HKD,HKEX, ,50
"1,000",01880,百麗國際,HKD,HKEX, ,"1,000"
"1,000",01882,海天國際,HKD,HKEX, ,"1,000"
"1,000",01883,中信國際電訊,HKD,HKEX, ,"1,000"
"4,000",01884,ＥＰＲＩＮＴ集團,HKD,HKEX, ,"4,000"
"4,000",01885,中國優材,HKD,HKEX, ,"4,000"
500,01886,匯源果汁,HKD,HKEX, ,500
500,01888,建滔積層板,HKD,HKEX, ,500
"2,500",01889,武夷藥業,HKD,HKEX, ,"2,500"
"1,000",01893,中材股份,HKD,HKEX, ,"1,000"
"1,000",01898,中煤能源,HKD,HKEX, ,"1,000"
"1,000",01899,興達國際,HKD,HKEX, ,"1,000"
"1,000",01900,中國智能交通,HKD,HKEX, ,"1,000"
"4,000",01908,建發國際集團,HKD,HKEX, ,"4,000"
300,01910,新秀麗,HKD,HKEX, ,300
100,01913,普拉達,HKD,HKEX, ,100
"1,000",01918,融創中國,HKD,HKEX, ,"1,000"
500,01919,中遠海控,HKD,HKEX, ,500
400,01928,金沙中國有限公司,HKD,HKEX, ,400
200,01929,周大福,HKD,HKEX, ,200
"1,000",01938,珠江鋼管,HKD,HKEX, ,"1,000"
500,01958,北京汽車,HKD,HKEX, ,500
500,01963,重慶銀行,HKD,HKEX, ,500
"1,000",01966,中駿置業,HKD,HKEX, ,"1,000"
100,01970,IMAX CHINA,HKD,HKEX, ,100
200,01972,太古地產,HKD,HKEX, ,200
"4,000",01979,天寶集團,HKD,HKEX, ,"4,000"
"1,000",01980,天鴿互動,HKD,HKEX, ,"1,000"
"2,000",01982,南旋控股,HKD,HKEX, ,"2,000"
"2,000",01985,美高域,HKD,HKEX, ,"2,000"
500,01986,彩客化學,HKD,HKEX, ,500
500,01988,民生銀行,HKD,HKEX, ,500
"8,000",01989,松齡護老集團,HKD,HKEX, ,"8,000"
"2,000",01991,大洋集團,HKD,HKEX, ,"2,000"
500,01993,雅仕維,HKD,HKEX, ,500
"2,000",01998,飛克國際,HKD,HKEX, ,"2,000"
400,01999,敏華控股,HKD,HKEX, ,400
"2,000",02000,晨訊科技,HKD,HKEX, ,"2,000"
500,02002,陽光紙業,HKD,HKEX, ,500
"2,000",02005,石四藥集團,HKD,HKEX, ,"2,000"
"2,000",02006,錦江酒店,HKD,HKEX, ,"2,000"
"1,000",02007,碧桂園,HKD,HKEX, ,"1,000"
"2,000",02008,鳳凰衛視,HKD,HKEX, ,"2,000"
"1,000",02009,金隅股份,HKD,HKEX, ,"1,000"
"1,000",02010,瑞年國際,HKD,HKEX, ,"1,000"
"2,000",02011,KEE,HKD,HKEX, ,"2,000"
500,02012,陽光油砂,HKD,HKEX, ,500
"1,000",02014,浩澤淨水,HKD,HKEX, ,"1,000"
"1,000",02016,浙商銀行,HKD,HKEX, ,"1,000"
500,02018,瑞聲科技,HKD,HKEX, ,500
"1,000",02020,安踏體育,HKD,HKEX, ,"1,000"
"4,000",02023,中國綠島科技,HKD,HKEX, ,"4,000"
"2,000",02028,映美控股,HKD,HKEX, ,"2,000"
"1,000",02030,卡賓,HKD,HKEX, ,"1,000"
"5,000",02031,澳至尊,HKD,HKEX, ,"5,000"
"2,000",02033,時計寶,HKD,HKEX, ,"2,000"
"1,000",02038,富智康集團,HKD,HKEX, ,"1,000"
100,02039,中集集團,HKD,HKEX, ,100
500,02066,盛京銀行,HKD,HKEX, ,500
"1,000",02068,中鋁國際,HKD,HKEX, ,"1,000"
"1,000",02078,榮陽實業,HKD,HKEX, ,"1,000"
"2,000",02080,奧克斯國際,HKD,HKEX, ,"2,000"
"1,000",02083,大自然家居,HKD,HKEX, ,"1,000"
"8,000",02086,龍傑智能卡,HKD,HKEX, ,"8,000"
"2,000",02088,西王置業,HKD,HKEX, ,"2,000"
"3,000",02098,卓爾集團,HKD,HKEX, ,"3,000"
100,02099,中國黃金國際,HKD,HKEX, ,100
"2,000",02100,百奧家庭互動,HKD,HKEX, ,"2,000"
"2,000",02111,超盈國際控股,HKD,HKEX, ,"2,000"
"2,000",02112,優庫資源,HKD,HKEX, ,"2,000"
"5,000",02113,東盈控股,HKD,HKEX, ,"5,000"
"2,000",02118,天山發展控股,HKD,HKEX, ,"2,000"
100,02120,康寧醫院,HKD,HKEX, ,100
"1,000",02121,一化控股,HKD,HKEX, ,"1,000"
"4,000",02123,金盾控股,HKD,HKEX, ,"4,000"
"1,000",02128,中國聯塑,HKD,HKEX, ,"1,000"
"1,000",02133,中國多金屬,HKD,HKEX, ,"1,000"
500,02136,利福中國,HKD,HKEX, ,500
"1,000",02138,香港醫思醫療集團,HKD,HKEX, ,"1,000"
"2,000",02166,芯智控股,HKD,HKEX, ,"2,000"
500,02168,盈德氣體,HKD,HKEX, ,500
"1,000",02178,百勤油服,HKD,HKEX, ,"1,000"
"2,000",02183,利福地產,HKD,HKEX, ,"2,000"
500,02186,綠葉製藥,HKD,HKEX, ,500
"2,000",02188,泰坦能源技術,HKD,HKEX, ,"2,000"
"4,000",02193,萬景控股,HKD,HKEX, ,"4,000"
500,02196,復星醫藥,HKD,HKEX, ,500
"1,000",02198,中國三江化工,HKD,HKEX, ,"1,000"
"1,000",02199,維珍妮,HKD,HKEX, ,"1,000"
"2,000",02200,浩沙國際,HKD,HKEX, ,"2,000"
100,02202,萬科企業,HKD,HKEX, ,100
200,02208,金風科技,HKD,HKEX, ,200
"1,000",02211,大健康國際,HKD,HKEX, ,"1,000"
"20,000",02212,高鵬礦業,HKD,HKEX, ,"20,000"
"2,000",02213,益華控股,HKD,HKEX, ,"2,000"
500,02218,安德利果汁,HKD,HKEX, ,500
"4,000",02221,創業集團控股,HKD,HKEX, ,"4,000"
"1,000",02222,雷士照明,HKD,HKEX, ,"1,000"
"2,000",02223,卡撒天嬌,HKD,HKEX, ,"2,000"
500,02226,老恒和釀造,HKD,HKEX, ,500
"3,000",02228,中國節能海東青,HKD,HKEX, ,"3,000"
"2,000",02229,長港敦信,HKD,HKEX, ,"2,000"
"2,000",02233,西部水泥,HKD,HKEX, ,"2,000"
"1,000",02236,惠生工程,HKD,HKEX, ,"1,000"
"2,000",02238,廣汽集團,HKD,HKEX, ,"2,000"
"1,000",02239,國微技術,HKD,HKEX, ,"1,000"
"1,000",02255,海昌海洋公園,HKD,HKEX, ,"1,000"
"2,000",02266,黎氏企業,HKD,HKEX, ,"2,000"
"1,000",02268,優源控股,HKD,HKEX, ,"1,000"
"5,000",02277,華融投資股份,HKD,HKEX, ,"5,000"
"1,000",02278,海藍控股,HKD,HKEX, ,"1,000"
"2,000",02280,慧聰網,HKD,HKEX, ,"2,000"
400,02282,美高梅中國,HKD,HKEX, ,400
"2,000",02283,東江集團控股,HKD,HKEX, ,"2,000"
"1,000",02286,辰興發展,HKD,HKEX, ,"1,000"
"1,000",02288,宏基資本,HKD,HKEX, ,"1,000"
500,02289,創美藥業,HKD,HKEX, ,500
"8,000",02293,百本醫護,HKD,HKEX, ,"8,000"
"1,000",02298,都市麗人,HKD,HKEX, ,"1,000"
"2,000",02299,百宏實業,HKD,HKEX, ,"2,000"
"2,000",02300,澳科控股,HKD,HKEX, ,"2,000"
"1,000",02302,中核國際,HKD,HKEX, ,"1,000"
"2,000",02303,恒興黃金,HKD,HKEX, ,"2,000"
"2,000",02307,錦興國際控股,HKD,HKEX, ,"2,000"
"4,000",02308,研祥智能,HKD,HKEX, ,"4,000"
"20,000",02309,伯明翰環球,HKD,HKEX, ,"20,000"
"2,000",02310,申基國際,HKD,HKEX, ,"2,000"
"1,000",02313,申洲國際,HKD,HKEX, ,"1,000"
"1,000",02314,理文造紙,HKD,HKEX, ,"1,000"
"4,000",02317,味丹國際,HKD,HKEX, ,"4,000"
500,02318,中國平安,HKD,HKEX, ,500
"1,000",02319,蒙牛乳業,HKD,HKEX, ,"1,000"
"2,000",02320,合豐集團,HKD,HKEX, ,"2,000"
"8,000",02322,仁瑞投資,HKD,HKEX, ,"8,000"
"2,000",02323,中國港橋,HKD,HKEX, ,"2,000"
"10,000",02326,百靈達國際控股,HKD,HKEX, ,"10,000"
"6,000",02327,宇業控股,HKD,HKEX, ,"6,000"
"2,000",02328,中國財險,HKD,HKEX, ,"2,000"
"1,000",02329,國瑞置業,HKD,HKEX, ,"1,000"
"4,000",02330,中國上城,HKD,HKEX, ,"4,000"
500,02331,李寧,HKD,HKEX, ,500
500,02333,長城汽車,HKD,HKEX, ,500
"10,000",02336,海亮國際,HKD,HKEX, ,"10,000"
"1,000",02338,濰柴動力,HKD,HKEX, ,"1,000"
"2,000",02339,京西國際,HKD,HKEX, ,"2,000"
"4,000",02340,新昌管理集團,HKD,HKEX, ,"4,000"
"2,000",02341,中怡國際,HKD,HKEX, ,"2,000"
"2,000",02342,京信通信,HKD,HKEX, ,"2,000"
"1,000",02343,太平洋航運,HKD,HKEX, ,"1,000"
"2,000",02345,上海集優,HKD,HKEX, ,"2,000"
"4,000",02348,東瑞製葯,HKD,HKEX, ,"4,000"
"4,000",02349,中國城市基礎設施,HKD,HKEX, ,"4,000"
"2,000",02355,寶業集團,HKD,HKEX, ,"2,000"
400,02356,大新銀行集團,HKD,HKEX, ,400
"1,000",02357,中航科工,HKD,HKEX, ,"1,000"
"10,000",02358,久融控股,HKD,HKEX, ,"10,000"
"1,000",02362,金川國際,HKD,HKEX, ,"1,000"
"5,000",02366,星美文化旅遊,HKD,HKEX, ,"5,000"
"2,000",02368,鷹美,HKD,HKEX, ,"2,000"
"4,000",02369,酷派集團,HKD,HKEX, ,"4,000"
"4,000",02371,中國創聯教育,HKD,HKEX, ,"4,000"
500,02378,保誠,HKD,HKEX, ,500
"5,000",02379,中天國際,HKD,HKEX, ,"5,000"
"1,000",02380,中國電力,HKD,HKEX, ,"1,000"
"1,000",02382,舜宇光學科技,HKD,HKEX, ,"1,000"
"2,000",02383,ＴＯＭ集團,HKD,HKEX, ,"2,000"
500,02386,中石化煉化工程,HKD,HKEX, ,500
500,02388,中銀香港,HKD,HKEX, ,500
"6,000",02389,北控醫療健康,HKD,HKEX, ,"6,000"
"2,500",02393,巨星醫療控股,HKD,HKEX, ,"2,500"
"2,000",02398,友佳國際,HKD,HKEX, ,"2,000"
"1,000",02399,虎都,HKD,HKEX, ,"1,000"
"1,000",02468,創益太陽能,HKD,HKEX, ,"1,000"
500,02488,元征科技,HKD,HKEX, ,500
100,02588,中銀航空租賃,HKD,HKEX, ,100
"2,000",02600,中國鋁業,HKD,HKEX, ,"2,000"
200,02601,中國太保,HKD,HKEX, ,200
100,02607,上海醫藥,HKD,HKEX, ,100
"1,000",02608,陽光１００中國,HKD,HKEX, ,"1,000"
"2,000",02623,愛德新能源,HKD,HKEX, ,"2,000"
"1,000",02628,中國人壽,HKD,HKEX, ,"1,000"
"2,000",02633,雅各臣科研製藥,HKD,HKEX, ,"2,000"
500,02638,港燈—ＳＳ,HKD,HKEX, ,500
"2,000",02662,承興國際控股,HKD,HKEX, ,"2,000"
500,02666,環球醫療,HKD,HKEX, ,500
"10,000",02668,百德國際,HKD,HKEX, ,"10,000"
"5,000",02669,中海物業,HKD,HKEX, ,"5,000"
500,02678,天虹紡織,HKD,HKEX, ,500
"1,000",02686,亞美能源,HKD,HKEX, ,"1,000"
"2,000",02688,新奧能源,HKD,HKEX, ,"2,000"
"1,000",02689,玖龍紙業,HKD,HKEX, ,"1,000"
500,02698,魏橋紡織,HKD,HKEX, ,500
"2,000",02699,新明中國,HKD,HKEX, ,"2,000"
"20,000",02700,格林國際控股,HKD,HKEX, ,"20,000"
"2,000",02722,重慶機電,HKD,HKEX, ,"2,000"
"2,000",02727,上海電氣,HKD,HKEX, ,"2,000"
"4,000",02728,裕華能源,HKD,HKEX, ,"4,000"
"2,000",02738,華津國際控股,HKD,HKEX, ,"2,000"
"2,000",02768,佳源國際控股,HKD,HKEX, ,"2,000"
400,02777,富力地產,HKD,HKEX, ,400
"2,000",02788,精熙國際,HKD,HKEX, ,"2,000"
"2,000",02789,遠大中國,HKD,HKEX, ,"2,000"
"1,000",02799,中國華融,HKD,HKEX, ,"1,000"
"1,000",02866,中遠海發,HKD,HKEX, ,"1,000"
"2,000",02868,首創置業,HKD,HKEX, ,"2,000"
"2,000",02869,綠城服務,HKD,HKEX, ,"2,000"
"1,000",02877,神威藥業,HKD,HKEX, ,"1,000"
"2,000",02878,SOLOMON SYSTECH,HKD,HKEX, ,"2,000"
"2,000",02880,大連港,HKD,HKEX, ,"2,000"
"4,000",02882,香港資源控股,HKD,HKEX, ,"4,000"
"2,000",02883,中海油田服務,HKD,HKEX, ,"2,000"
"2,000",02886,濱海投資,HKD,HKEX, ,"2,000"
50,02888,渣打集團,HKD,HKEX, ,50
"2,000",02889,鎳資源國際,HKD,HKEX, ,"2,000"
"10,000",02898,龍潤茶,HKD,HKEX, ,"10,000"
"2,000",02899,紫金礦業,HKD,HKEX, ,"2,000"
"2,000",02939,易易壹金融,HKD,HKEX, ,"2,000"
"25,000",02942,標準資源控股,HKD,HKEX, ,"25,000"
"10,000",02943,首控集團,HKD,HKEX, ,"10,000"
"25,000",02944,標準資源控股股權,HKD,HKEX, ,"25,000"
"20,000",02946,遠見控股股權,HKD,HKEX, ,"20,000"
"2,000",03300,中國玻璃,HKD,HKEX, ,"2,000"
500,03301,融信中國,HKD,HKEX, ,500
"2,000",03303,巨濤海洋石油服務,HKD,HKEX, ,"2,000"
500,03306,江南布衣,HKD,HKEX, ,500
"1,000",03308,金鷹商貿集團,HKD,HKEX, ,"1,000"
"2,000",03311,中國建築國際,HKD,HKEX, ,"2,000"
"1,000",03313,雅高控股,HKD,HKEX, ,"1,000"
"1,000",03315,金邦達寶嘉,HKD,HKEX, ,"1,000"
"2,000",03318,中國香精香料,HKD,HKEX, ,"2,000"
500,03320,華潤醫藥,HKD,HKEX, ,500
"2,000",03322,永嘉集團,HKD,HKEX, ,"2,000"
"2,000",03323,中國建材,HKD,HKEX, ,"2,000"
"3,000",03326,保發集團,HKD,HKEX, ,"3,000"
"1,000",03328,交通銀行,HKD,HKEX, ,"1,000"
"2,000",03330,靈寶黃金,HKD,HKEX, ,"2,000"
"1,000",03331,維達國際,HKD,HKEX, ,"1,000"
"2,000",03332,中生聯合,HKD,HKEX, ,"2,000"
"1,000",03333,中國恒大,HKD,HKEX, ,"1,000"
"4,000",03335,ＤＢＡ電訊,HKD,HKEX, ,"4,000"
"2,000",03336,巨騰國際,HKD,HKEX, ,"2,000"
"2,000",03337,安東油田服務,HKD,HKEX, ,"2,000"
"1,000",03339,中國龍工,HKD,HKEX, ,"1,000"
"2,000",03344,互益集團,HKD,HKEX, ,"2,000"
"2,000",03355,先進半導體,HKD,HKEX, ,"2,000"
"1,000",03360,遠東宏信,HKD,HKEX, ,"1,000"
"2,000",03363,正業國際,HKD,HKEX, ,"2,000"
"2,000",03366,華僑城（亞洲）,HKD,HKEX, ,"2,000"
500,03368,百盛集團,HKD,HKEX, ,500
500,03369,秦港股份,HKD,HKEX, ,500
500,03377,遠洋集團,HKD,HKEX, ,500
"2,000",03378,廈門港務,HKD,HKEX, ,"2,000"
"2,000",03380,龍光地產,HKD,HKEX, ,"2,000"
"2,000",03382,天津港發展,HKD,HKEX, ,"2,000"
"2,000",03383,雅居樂集團,HKD,HKEX, ,"2,000"
"4,000",03389,亨得利,HKD,HKEX, ,"4,000"
"2,000",03393,威勝集團,HKD,HKEX, ,"2,000"
100,03396,聯想控股,HKD,HKEX, ,100
"2,000",03398,華鼎控股,HKD,HKEX, ,"2,000"
"1,000",03399,粵運交通,HKD,HKEX, ,"1,000"
"1,000",03600,現代牙科,HKD,HKEX, ,"1,000"
400,03606,福耀玻璃,HKD,HKEX, ,400
"2,500",03608,永盛新材料,HKD,HKEX, ,"2,500"
"1,000",03618,重慶農村商業銀行,HKD,HKEX, ,"1,000"
"2,000",03623,集成金融,HKD,HKEX, ,"2,000"
"2,000",03626,HSSP INTL,HKD,HKEX, ,"2,000"
"4,000",03628,仁恒實業控股,HKD,HKEX, ,"4,000"
"2,000",03633,中裕燃氣,HKD,HKEX, ,"2,000"
100,03636,保利文化,HKD,HKEX, ,100
"12,000",03638,晶芯科技控股,HKD,HKEX, ,"12,000"
"2,000",03639,億達中國,HKD,HKEX, ,"2,000"
"4,000",03663,協眾國際控股,HKD,HKEX, ,"4,000"
"2,000",03666,小南國,HKD,HKEX, ,"2,000"
"2,000",03668,中鋁礦業國際,HKD,HKEX, ,"2,000"
500,03669,永達汽車,HKD,HKEX, ,500
"1,000",03678,弘業期貨,HKD,HKEX, ,"1,000"
"2,500",03683,榮豐聯合控股,HKD,HKEX, ,"2,500"
"10,000",03686,祈福生活服務,HKD,HKEX, ,"10,000"
500,03688,萊蒙國際,HKD,HKEX, ,500
200,03689,康華醫療,HKD,HKEX, ,200
"1,000",03698,徽商銀行,HKD,HKEX, ,"1,000"
"5,000",03708,日成控股,HKD,HKEX, ,"5,000"
"1,000",03709,珂萊蒂爾,HKD,HKEX, ,"1,000"
"1,000",03737,中智藥業,HKD,HKEX, ,"1,000"
"2,000",03773,年年卡,HKD,HKEX, ,"2,000"
"2,000",03777,中國光纖,HKD,HKEX, ,"2,000"
"4,000",03778,中國織材控股,HKD,HKEX, ,"4,000"
"1,000",03788,中國罕王,HKD,HKEX, ,"1,000"
"4,000",03789,御佳控股,HKD,HKEX, ,"4,000"
500,03799,達利食品,HKD,HKEX, ,500
"1,000",03800,保利協鑫能源,HKD,HKEX, ,"1,000"
500,03808,中國重汽,HKD,HKEX, ,500
"1,000",03813,寶勝國際,HKD,HKEX, ,"1,000"
"4,000",03816,ＫＦＭ金德,HKD,HKEX, ,"4,000"
"1,000",03818,中國動向,HKD,HKEX, ,"1,000"
"4,000",03822,三和建築集團,HKD,HKEX, ,"4,000"
"2,000",03823,德普科技,HKD,HKEX, ,"2,000"
"1,000",03828,明輝國際,HKD,HKEX, ,"1,000"
"1,000",03833,新疆新鑫礦業,HKD,HKEX, ,"1,000"
500,03836,和諧汽車,HKD,HKEX, ,500
"5,000",03838,中國澱粉,HKD,HKEX, ,"5,000"
500,03839,正大企業國際,HKD,HKEX, ,500
500,03866,青島銀行,HKD,HKEX, ,500
"1,000",03868,群星紙業,HKD,HKEX, ,"1,000"
"1,000",03882,天彩控股,HKD,HKEX, ,"1,000"
"1,000",03883,中國奧園,HKD,HKEX, ,"1,000"
"2,000",03886,康健國際醫療,HKD,HKEX, ,"2,000"
"1,000",03888,金山軟件,HKD,HKEX, ,"1,000"
"2,000",03889,大成糖業,HKD,HKEX, ,"2,000"
"20,000",03893,易緯集團,HKD,HKEX, ,"20,000"
500,03898,中車時代電氣,HKD,HKEX, ,500
"2,000",03899,中集安瑞科,HKD,HKEX, ,"2,000"
500,03900,綠城中國,HKD,HKEX, ,500
"2,000",03903,瀚華金控,HKD,HKEX, ,"2,000"
400,03908,中金公司,HKD,HKEX, ,400
"2,000",03918,金界控股,HKD,HKEX, ,"2,000"
"2,000",03933,聯邦制藥,HKD,HKEX, ,"2,000"
"2,000",03939,萬國國際礦業,HKD,HKEX, ,"2,000"
100,03948,伊泰煤炭,HKD,HKEX, ,100
400,03958,東方證券,HKD,HKEX, ,400
"1,000",03963,融眾金融,HKD,HKEX, ,"1,000"
"2,000",03966,中國寶豐國際,HKD,HKEX, ,"2,000"
500,03968,招商銀行,HKD,HKEX, ,500
"1,000",03969,中國通號,HKD,HKEX, ,"1,000"
"2,000",03983,中海石油化學,HKD,HKEX, ,"2,000"
"1,000",03988,中國銀行,HKD,HKEX, ,"1,000"
"2,000",03989,首創環境,HKD,HKEX, ,"2,000"
"3,000",03993,洛陽鉬業,HKD,HKEX, ,"3,000"
"2,000",03996,中國能源建設,HKD,HKEX, ,"2,000"
"2,000",03998,波司登,HKD,HKEX, ,"2,000"
"1,000",03999,大成食品,HKD,HKEX, ,"1,000"
"20,000",04601,BOC 2014 PREF,HKD,HKEX, ,"20,000"
"10,000",04603,ICBC USDPREF1,HKD,HKEX, ,"10,000"
"10,000",04604,ICBC EURPREF1,HKD,HKEX, ,"10,000"
"10,000",04605,BOCOM 15USDPREF,HKD,HKEX, ,"10,000"
"10,000",04606,CCB 15USDPREF,HKD,HKEX, ,"10,000"
"10,000",04607,CINDA 16USDPREF,HKD,HKEX, ,"10,000"
"10,000",04608,HSBNK 16USDPREF,HKD,HKEX, ,"10,000"
"10,000",04609,CMBC 16USDPREF,HKD,HKEX, ,"10,000"
500,06030,中信証券,HKD,HKEX, ,500
500,06066,中信建投証券,HKD,HKEX, ,500
"2,000",06068,睿見教育,HKD,HKEX, ,"2,000"
200,06099,招商證券,HKD,HKEX, ,200
"8,000",06108,新銳醫藥,HKD,HKEX, ,"8,000"
200,06116,拉夏貝爾,HKD,HKEX, ,200
"1,000",06118,奧星生命科技,HKD,HKEX, ,"1,000"
"1,000",06122,九台農商銀行,HKD,HKEX, ,"1,000"
"2,000",06123,先達國際物流,HKD,HKEX, ,"2,000"
"2,000",06128,泛亞國際,HKD,HKEX, ,"2,000"
"1,000",06133,維太移動,HKD,HKEX, ,"1,000"
"1,000",06136,康達環保,HKD,HKEX, ,"1,000"
"1,000",06138,哈爾濱銀行,HKD,HKEX, ,"1,000"
500,06139,金茂酒店—ＳＳ,HKD,HKEX, ,500
"2,000",06161,泰加保險,HKD,HKEX, ,"2,000"
"2,000",06163,彭順國際,HKD,HKEX, ,"2,000"
"1,000",06166,中國宏泰發展,HKD,HKEX, ,"1,000"
"5,000",06168,中國優通,HKD,HKEX, ,"5,000"
"2,000",06169,宇華教育,HKD,HKEX, ,"2,000"
200,06178,光大證券,HKD,HKEX, ,200
"1,000",06183,中國綠寶,HKD,HKEX, ,"1,000"
500,06188,迪信通,HKD,HKEX, ,500
500,06189,愛得威建設集團,HKD,HKEX, ,500
"1,000",06196,鄭州銀行,HKD,HKEX, ,"1,000"
"1,000",06198,青島港,HKD,HKEX, ,"1,000"
500,06808,高鑫零售,HKD,HKEX, ,500
"2,000",06816,PROSPER CONS,HKD,HKEX, ,"2,000"
"1,000",06818,中國光大銀行,HKD,HKEX, ,"1,000"
"4,000",06822,科勁國際,HKD,HKEX, ,"4,000"
"1,000",06823,香港電訊—ＳＳ,HKD,HKEX, ,"1,000"
100,06826,昊海生物科技,HKD,HKEX, ,100
"8,000",06828,北京燃氣藍天,HKD,HKEX, ,"8,000"
"2,000",06830,華眾車載,HKD,HKEX, ,"2,000"
"4,000",06833,興科蓉醫藥,HKD,HKEX, ,"4,000"
"2,000",06836,天韻國際控股,HKD,HKEX, ,"2,000"
400,06837,海通證券,HKD,HKEX, ,400
"2,000",06838,盈利時,HKD,HKEX, ,"2,000"
"1,000",06839,雲南水務,HKD,HKEX, ,"1,000"
500,06858,本間高爾夫,HKD,HKEX, ,500
"1,000",06863,輝山乳業,HKD,HKEX, ,"1,000"
"1,000",06865,福萊特玻璃,HKD,HKEX, ,"1,000"
"2,000",06866,佐力小貸,HKD,HKEX, ,"2,000"
"1,000",06868,天福,HKD,HKEX, ,"1,000"
500,06869,長飛光纖光纜,HKD,HKEX, ,500
"2,000",06878,鼎豐集團控股,HKD,HKEX, ,"2,000"
"2,000",06880,騰邦控股,HKD,HKEX, ,"2,000"
500,06881,中國銀河,HKD,HKEX, ,500
"2,000",06882,東瀛遊,HKD,HKEX, ,"2,000"
200,06886,HTSC,HKD,HKEX, ,200
"1,000",06888,英達公路再生科技,HKD,HKEX, ,"1,000"
200,06889,DYNAM JAPAN,HKD,HKEX, ,200
"2,000",06893,衍生集團,HKD,HKEX, ,"2,000"
500,06896,金嗓子,HKD,HKEX, ,500
"2,000",06898,中國鋁罐,HKD,HKEX, ,"2,000"
"1,000",06899,聯眾,HKD,HKEX, ,"1,000"
500,80737,合和公路基建—Ｒ,HKD,HKEX, ,500
"10,000",84602,ICBC CNHPREF1-R,HKD,HKEX, ,"10,000"
